{
    "returnCode": "0",
    "returnData": [
        {
            "inTyp": "A",
            "name": "林大明",
            "brDte": "19700909",
            "itrmY": "21",
            "itrmD": "300",
            "itDteFrom": "19870715",
            "itDteTo": "20181231",
            "uName": "陽陽資訊股份有限公司",
            "dept": "",
            "txCd": "2",
            "efDte": "0950501",
            "wage": "40100",
            "bief": "Y",
            "IDN": "H123456789",
            "UNO": "01234567A"
        },
        {
            "inTyp": "A",
            "name": "林大明",
            "brDte": "19700909",
            "itrmY": "21",
            "itrmD": "300",
            "itDteFrom": "19870715",
            "itDteTo": "20181231",
            "uName": "陽陽資訊股份有限公司",
            "dept": "",
            "txCd": "4",
            "efDte": "0950504",
            "wage": "42000",
            "bief": "Y",
            "IDN": "H123456789",
            "UNO": "01234567X"
        }
    ]
}