<?xml version="1.0" encoding="UTF-8"?>
<!DOCTYPE mapper PUBLIC "-//mybatis.org//DTD Mapper 3.0//EN" "http://mybatis.org/dtd/mybatis-3-mapper.dtd">
<mapper namespace="tw.gov.ndc.emsg.mydata.mapper.AuthcodeMapper">
  <resultMap id="BaseResultMap" type="tw.gov.ndc.emsg.mydata.entity.Authcode">
    <!--
      WARNING - @mbg.generated
      This element is automatically generated by MyBatis Generator, do not modify.
      This element was generated on Wed Sep 27 13:28:44 CST 2017.
    -->
    <id column="auth_id" jdbcType="VARCHAR" property="authId" />
    <result column="pid" jdbcType="VARCHAR" property="pid" />
    <result column="client_id" jdbcType="VARCHAR" property="clientId" />
    <result column="code" jdbcType="VARCHAR" property="code" />
    <result column="access_token" jdbcType="VARCHAR" property="accessToken" />
    <result column="refresh_token" jdbcType="VARCHAR" property="refreshToken" />
    <result column="scope" jdbcType="VARCHAR" property="scope" />
    <result column="nonce" jdbcType="VARCHAR" property="nonce" />
    <result column="state" jdbcType="VARCHAR" property="state" />
    <result column="ctime" jdbcType="TIMESTAMP" property="ctime" />
    <result column="etime" jdbcType="TIMESTAMP" property="etime" />
  </resultMap>
  <sql id="Example_Where_Clause">
    <!--
      WARNING - @mbg.generated
      This element is automatically generated by MyBatis Generator, do not modify.
      This element was generated on Wed Sep 27 13:28:44 CST 2017.
    -->
    <where>
      <foreach collection="oredCriteria" item="criteria" separator="or">
        <if test="criteria.valid">
          <trim prefix="(" prefixOverrides="and" suffix=")">
            <foreach collection="criteria.criteria" item="criterion">
              <choose>
                <when test="criterion.noValue">
                  and ${criterion.condition}
                </when>
                <when test="criterion.singleValue">
                  and ${criterion.condition} #{criterion.value}
                </when>
                <when test="criterion.betweenValue">
                  and ${criterion.condition} #{criterion.value} and #{criterion.secondValue}
                </when>
                <when test="criterion.listValue">
                  and ${criterion.condition}
                  <foreach close=")" collection="criterion.value" item="listItem" open="(" separator=",">
                    #{listItem}
                  </foreach>
                </when>
              </choose>
            </foreach>
          </trim>
        </if>
      </foreach>
    </where>
  </sql>
  <sql id="Update_By_Example_Where_Clause">
    <!--
      WARNING - @mbg.generated
      This element is automatically generated by MyBatis Generator, do not modify.
      This element was generated on Wed Sep 27 13:28:44 CST 2017.
    -->
    <where>
      <foreach collection="example.oredCriteria" item="criteria" separator="or">
        <if test="criteria.valid">
          <trim prefix="(" prefixOverrides="and" suffix=")">
            <foreach collection="criteria.criteria" item="criterion">
              <choose>
                <when test="criterion.noValue">
                  and ${criterion.condition}
                </when>
                <when test="criterion.singleValue">
                  and ${criterion.condition} #{criterion.value}
                </when>
                <when test="criterion.betweenValue">
                  and ${criterion.condition} #{criterion.value} and #{criterion.secondValue}
                </when>
                <when test="criterion.listValue">
                  and ${criterion.condition}
                  <foreach close=")" collection="criterion.value" item="listItem" open="(" separator=",">
                    #{listItem}
                  </foreach>
                </when>
              </choose>
            </foreach>
          </trim>
        </if>
      </foreach>
    </where>
  </sql>
  <sql id="Base_Column_List">
    <!--
      WARNING - @mbg.generated
      This element is automatically generated by MyBatis Generator, do not modify.
      This element was generated on Wed Sep 27 13:28:44 CST 2017.
    -->
    auth_id, pid, client_id, code, access_token, refresh_token, scope, nonce, state, 
    ctime, etime
  </sql>
  <select id="selectByExample" parameterType="tw.gov.ndc.emsg.mydata.entity.AuthcodeExample" resultMap="BaseResultMap">
    <!--
      WARNING - @mbg.generated
      This element is automatically generated by MyBatis Generator, do not modify.
      This element was generated on Wed Sep 27 13:28:44 CST 2017.
    -->
    select
    <if test="distinct">
      distinct
    </if>
    <include refid="Base_Column_List" />
    from authcode
    <if test="_parameter != null">
      <include refid="Example_Where_Clause" />
    </if>
    <if test="orderByClause != null">
      order by ${orderByClause}
    </if>
  </select>
  <select id="selectByPrimaryKey" parameterType="java.lang.String" resultMap="BaseResultMap">
    <!--
      WARNING - @mbg.generated
      This element is automatically generated by MyBatis Generator, do not modify.
      This element was generated on Wed Sep 27 13:28:44 CST 2017.
    -->
    select 
    <include refid="Base_Column_List" />
    from authcode
    where auth_id = #{authId,jdbcType=VARCHAR}
  </select>
  <delete id="deleteByPrimaryKey" parameterType="java.lang.String">
    <!--
      WARNING - @mbg.generated
      This element is automatically generated by MyBatis Generator, do not modify.
      This element was generated on Wed Sep 27 13:28:44 CST 2017.
    -->
    delete from authcode
    where auth_id = #{authId,jdbcType=VARCHAR}
  </delete>
  <delete id="deleteByExample" parameterType="tw.gov.ndc.emsg.mydata.entity.AuthcodeExample">
    <!--
      WARNING - @mbg.generated
      This element is automatically generated by MyBatis Generator, do not modify.
      This element was generated on Wed Sep 27 13:28:44 CST 2017.
    -->
    delete from authcode
    <if test="_parameter != null">
      <include refid="Example_Where_Clause" />
    </if>
  </delete>
  <insert id="insert" parameterType="tw.gov.ndc.emsg.mydata.entity.Authcode">
    <!--
      WARNING - @mbg.generated
      This element is automatically generated by MyBatis Generator, do not modify.
      This element was generated on Wed Sep 27 13:28:44 CST 2017.
    -->
    insert into authcode (auth_id, pid, client_id, 
      code, access_token, refresh_token, 
      scope, nonce, state, 
      ctime, etime)
    values (#{authId,jdbcType=VARCHAR}, #{pid,jdbcType=VARCHAR}, #{clientId,jdbcType=VARCHAR}, 
      #{code,jdbcType=VARCHAR}, #{accessToken,jdbcType=VARCHAR}, #{refreshToken,jdbcType=VARCHAR}, 
      #{scope,jdbcType=VARCHAR}, #{nonce,jdbcType=VARCHAR}, #{state,jdbcType=VARCHAR}, 
      #{ctime,jdbcType=TIMESTAMP}, #{etime,jdbcType=TIMESTAMP})
  </insert>
  <insert id="insertSelective" parameterType="tw.gov.ndc.emsg.mydata.entity.Authcode">
    <!--
      WARNING - @mbg.generated
      This element is automatically generated by MyBatis Generator, do not modify.
      This element was generated on Wed Sep 27 13:28:44 CST 2017.
    -->
    insert into authcode
    <trim prefix="(" suffix=")" suffixOverrides=",">
      <if test="authId != null">
        auth_id,
      </if>
      <if test="pid != null">
        pid,
      </if>
      <if test="clientId != null">
        client_id,
      </if>
      <if test="code != null">
        code,
      </if>
      <if test="accessToken != null">
        access_token,
      </if>
      <if test="refreshToken != null">
        refresh_token,
      </if>
      <if test="scope != null">
        scope,
      </if>
      <if test="nonce != null">
        nonce,
      </if>
      <if test="state != null">
        state,
      </if>
      <if test="ctime != null">
        ctime,
      </if>
      <if test="etime != null">
        etime,
      </if>
    </trim>
    <trim prefix="values (" suffix=")" suffixOverrides=",">
      <if test="authId != null">
        #{authId,jdbcType=VARCHAR},
      </if>
      <if test="pid != null">
        #{pid,jdbcType=VARCHAR},
      </if>
      <if test="clientId != null">
        #{clientId,jdbcType=VARCHAR},
      </if>
      <if test="code != null">
        #{code,jdbcType=VARCHAR},
      </if>
      <if test="accessToken != null">
        #{accessToken,jdbcType=VARCHAR},
      </if>
      <if test="refreshToken != null">
        #{refreshToken,jdbcType=VARCHAR},
      </if>
      <if test="scope != null">
        #{scope,jdbcType=VARCHAR},
      </if>
      <if test="nonce != null">
        #{nonce,jdbcType=VARCHAR},
      </if>
      <if test="state != null">
        #{state,jdbcType=VARCHAR},
      </if>
      <if test="ctime != null">
        #{ctime,jdbcType=TIMESTAMP},
      </if>
      <if test="etime != null">
        #{etime,jdbcType=TIMESTAMP},
      </if>
    </trim>
  </insert>
  <select id="countByExample" parameterType="tw.gov.ndc.emsg.mydata.entity.AuthcodeExample" resultType="java.lang.Long">
    <!--
      WARNING - @mbg.generated
      This element is automatically generated by MyBatis Generator, do not modify.
      This element was generated on Wed Sep 27 13:28:44 CST 2017.
    -->
    select count(*) from authcode
    <if test="_parameter != null">
      <include refid="Example_Where_Clause" />
    </if>
  </select>
  <update id="updateByExampleSelective" parameterType="map">
    <!--
      WARNING - @mbg.generated
      This element is automatically generated by MyBatis Generator, do not modify.
      This element was generated on Wed Sep 27 13:28:44 CST 2017.
    -->
    update authcode
    <set>
      <if test="record.authId != null">
        auth_id = #{record.authId,jdbcType=VARCHAR},
      </if>
      <if test="record.pid != null">
        pid = #{record.pid,jdbcType=VARCHAR},
      </if>
      <if test="record.clientId != null">
        client_id = #{record.clientId,jdbcType=VARCHAR},
      </if>
      <if test="record.code != null">
        code = #{record.code,jdbcType=VARCHAR},
      </if>
      <if test="record.accessToken != null">
        access_token = #{record.accessToken,jdbcType=VARCHAR},
      </if>
      <if test="record.refreshToken != null">
        refresh_token = #{record.refreshToken,jdbcType=VARCHAR},
      </if>
      <if test="record.scope != null">
        scope = #{record.scope,jdbcType=VARCHAR},
      </if>
      <if test="record.nonce != null">
        nonce = #{record.nonce,jdbcType=VARCHAR},
      </if>
      <if test="record.state != null">
        state = #{record.state,jdbcType=VARCHAR},
      </if>
      <if test="record.ctime != null">
        ctime = #{record.ctime,jdbcType=TIMESTAMP},
      </if>
      <if test="record.etime != null">
        etime = #{record.etime,jdbcType=TIMESTAMP},
      </if>
    </set>
    <if test="_parameter != null">
      <include refid="Update_By_Example_Where_Clause" />
    </if>
  </update>
  <update id="updateByExample" parameterType="map">
    <!--
      WARNING - @mbg.generated
      This element is automatically generated by MyBatis Generator, do not modify.
      This element was generated on Wed Sep 27 13:28:44 CST 2017.
    -->
    update authcode
    set auth_id = #{record.authId,jdbcType=VARCHAR},
      pid = #{record.pid,jdbcType=VARCHAR},
      client_id = #{record.clientId,jdbcType=VARCHAR},
      code = #{record.code,jdbcType=VARCHAR},
      access_token = #{record.accessToken,jdbcType=VARCHAR},
      refresh_token = #{record.refreshToken,jdbcType=VARCHAR},
      scope = #{record.scope,jdbcType=VARCHAR},
      nonce = #{record.nonce,jdbcType=VARCHAR},
      state = #{record.state,jdbcType=VARCHAR},
      ctime = #{record.ctime,jdbcType=TIMESTAMP},
      etime = #{record.etime,jdbcType=TIMESTAMP}
    <if test="_parameter != null">
      <include refid="Update_By_Example_Where_Clause" />
    </if>
  </update>
  <update id="updateByPrimaryKeySelective" parameterType="tw.gov.ndc.emsg.mydata.entity.Authcode">
    <!--
      WARNING - @mbg.generated
      This element is automatically generated by MyBatis Generator, do not modify.
      This element was generated on Wed Sep 27 13:28:44 CST 2017.
    -->
    update authcode
    <set>
      <if test="pid != null">
        pid = #{pid,jdbcType=VARCHAR},
      </if>
      <if test="clientId != null">
        client_id = #{clientId,jdbcType=VARCHAR},
      </if>
      <if test="code != null">
        code = #{code,jdbcType=VARCHAR},
      </if>
      <if test="accessToken != null">
        access_token = #{accessToken,jdbcType=VARCHAR},
      </if>
      <if test="refreshToken != null">
        refresh_token = #{refreshToken,jdbcType=VARCHAR},
      </if>
      <if test="scope != null">
        scope = #{scope,jdbcType=VARCHAR},
      </if>
      <if test="nonce != null">
        nonce = #{nonce,jdbcType=VARCHAR},
      </if>
      <if test="state != null">
        state = #{state,jdbcType=VARCHAR},
      </if>
      <if test="ctime != null">
        ctime = #{ctime,jdbcType=TIMESTAMP},
      </if>
      <if test="etime != null">
        etime = #{etime,jdbcType=TIMESTAMP},
      </if>
    </set>
    where auth_id = #{authId,jdbcType=VARCHAR}
  </update>
  <update id="updateByPrimaryKey" parameterType="tw.gov.ndc.emsg.mydata.entity.Authcode">
    <!--
      WARNING - @mbg.generated
      This element is automatically generated by MyBatis Generator, do not modify.
      This element was generated on Wed Sep 27 13:28:44 CST 2017.
    -->
    update authcode
    set pid = #{pid,jdbcType=VARCHAR},
      client_id = #{clientId,jdbcType=VARCHAR},
      code = #{code,jdbcType=VARCHAR},
      access_token = #{accessToken,jdbcType=VARCHAR},
      refresh_token = #{refreshToken,jdbcType=VARCHAR},
      scope = #{scope,jdbcType=VARCHAR},
      nonce = #{nonce,jdbcType=VARCHAR},
      state = #{state,jdbcType=VARCHAR},
      ctime = #{ctime,jdbcType=TIMESTAMP},
      etime = #{etime,jdbcType=TIMESTAMP}
    where auth_id = #{authId,jdbcType=VARCHAR}
  </update>
  <select id="selectByExampleWithRowbounds" parameterType="tw.gov.ndc.emsg.mydata.entity.AuthcodeExample" resultMap="BaseResultMap">
    <!--
      WARNING - @mbg.generated
      This element is automatically generated by MyBatis Generator, do not modify.
      This element was generated on Wed Sep 27 13:28:44 CST 2017.
    -->
    select
    <if test="distinct">
      distinct
    </if>
    <include refid="Base_Column_List" />
    from authcode
    <if test="_parameter != null">
      <include refid="Example_Where_Clause" />
    </if>
    <if test="orderByClause != null">
      order by ${orderByClause}
    </if>
  </select>
</mapper>