<?xml version="1.0" encoding="UTF-8"?>
<!DOCTYPE mapper PUBLIC "-//mybatis.org//DTD Mapper 3.0//EN" "http://mybatis.org/dtd/mybatis-3-mapper.dtd">
<mapper namespace="tw.gov.ndc.emsg.mydata.mapper.ChildMapper">
  <resultMap id="BaseResultMap" type="tw.gov.ndc.emsg.mydata.entity.Child">
    <!--
      WARNING - @mbg.generated
      This element is automatically generated by MyBatis Generator, do not modify.
      This element was generated on Wed Sep 27 13:28:44 CST 2017.
    -->
    <result column="cid" jdbcType="VARCHAR" property="cid" />
    <result column="pid" jdbcType="VARCHAR" property="pid" />
    <result column="parent_pid" jdbcType="VARCHAR" property="parentPid" />
    <result column="name" jdbcType="NVARCHAR" property="name" />
    <result column="gender" jdbcType="VARCHAR" property="gender" />
    <result column="birthday" jdbcType="TIMESTAMP" property="birthday" />
    <result column="ctime" jdbcType="TIMESTAMP" property="ctime" />
  </resultMap>
  <sql id="Example_Where_Clause">
    <!--
      WARNING - @mbg.generated
      This element is automatically generated by MyBatis Generator, do not modify.
      This element was generated on Wed Sep 27 13:28:44 CST 2017.
    -->
    <where>
      <foreach collection="oredCriteria" item="criteria" separator="or">
        <if test="criteria.valid">
          <trim prefix="(" prefixOverrides="and" suffix=")">
            <foreach collection="criteria.criteria" item="criterion">
              <choose>
                <when test="criterion.noValue">
                  and ${criterion.condition}
                </when>
                <when test="criterion.singleValue">
                  and ${criterion.condition} #{criterion.value}
                </when>
                <when test="criterion.betweenValue">
                  and ${criterion.condition} #{criterion.value} and #{criterion.secondValue}
                </when>
                <when test="criterion.listValue">
                  and ${criterion.condition}
                  <foreach close=")" collection="criterion.value" item="listItem" open="(" separator=",">
                    #{listItem}
                  </foreach>
                </when>
              </choose>
            </foreach>
          </trim>
        </if>
      </foreach>
    </where>
  </sql>
  <sql id="Update_By_Example_Where_Clause">
    <!--
      WARNING - @mbg.generated
      This element is automatically generated by MyBatis Generator, do not modify.
      This element was generated on Wed Sep 27 13:28:44 CST 2017.
    -->
    <where>
      <foreach collection="example.oredCriteria" item="criteria" separator="or">
        <if test="criteria.valid">
          <trim prefix="(" prefixOverrides="and" suffix=")">
            <foreach collection="criteria.criteria" item="criterion">
              <choose>
                <when test="criterion.noValue">
                  and ${criterion.condition}
                </when>
                <when test="criterion.singleValue">
                  and ${criterion.condition} #{criterion.value}
                </when>
                <when test="criterion.betweenValue">
                  and ${criterion.condition} #{criterion.value} and #{criterion.secondValue}
                </when>
                <when test="criterion.listValue">
                  and ${criterion.condition}
                  <foreach close=")" collection="criterion.value" item="listItem" open="(" separator=",">
                    #{listItem}
                  </foreach>
                </when>
              </choose>
            </foreach>
          </trim>
        </if>
      </foreach>
    </where>
  </sql>
  <sql id="Base_Column_List">
    <!--
      WARNING - @mbg.generated
      This element is automatically generated by MyBatis Generator, do not modify.
      This element was generated on Wed Sep 27 13:28:44 CST 2017.
    -->
    cid, pid, parent_pid, name, gender, birthday, ctime
  </sql>
  <select id="selectByExample" parameterType="tw.gov.ndc.emsg.mydata.entity.ChildExample" resultMap="BaseResultMap">
    <!--
      WARNING - @mbg.generated
      This element is automatically generated by MyBatis Generator, do not modify.
      This element was generated on Wed Sep 27 13:28:44 CST 2017.
    -->
    select
    <if test="distinct">
      distinct
    </if>
    <include refid="Base_Column_List" />
    from child
    <if test="_parameter != null">
      <include refid="Example_Where_Clause" />
    </if>
    <if test="orderByClause != null">
      order by ${orderByClause}
    </if>
  </select>
  <delete id="deleteByExample" parameterType="tw.gov.ndc.emsg.mydata.entity.ChildExample">
    <!--
      WARNING - @mbg.generated
      This element is automatically generated by MyBatis Generator, do not modify.
      This element was generated on Wed Sep 27 13:28:44 CST 2017.
    -->
    delete from child
    <if test="_parameter != null">
      <include refid="Example_Where_Clause" />
    </if>
  </delete>
  <insert id="insert" parameterType="tw.gov.ndc.emsg.mydata.entity.Child">
    <!--
      WARNING - @mbg.generated
      This element is automatically generated by MyBatis Generator, do not modify.
      This element was generated on Wed Sep 27 13:28:44 CST 2017.
    -->
    insert into child (cid, pid, parent_pid, 
      name, gender, birthday, 
      ctime)
    values (#{cid,jdbcType=VARCHAR}, #{pid,jdbcType=VARCHAR}, #{parentPid,jdbcType=VARCHAR}, 
      #{name,jdbcType=NVARCHAR}, #{gender,jdbcType=VARCHAR}, #{birthday,jdbcType=TIMESTAMP}, 
      #{ctime,jdbcType=TIMESTAMP})
  </insert>
  <insert id="insertSelective" parameterType="tw.gov.ndc.emsg.mydata.entity.Child">
    <!--
      WARNING - @mbg.generated
      This element is automatically generated by MyBatis Generator, do not modify.
      This element was generated on Wed Sep 27 13:28:44 CST 2017.
    -->
    insert into child
    <trim prefix="(" suffix=")" suffixOverrides=",">
      <if test="cid != null">
        cid,
      </if>
      <if test="pid != null">
        pid,
      </if>
      <if test="parentPid != null">
        parent_pid,
      </if>
      <if test="name != null">
        name,
      </if>
      <if test="gender != null">
        gender,
      </if>
      <if test="birthday != null">
        birthday,
      </if>
      <if test="ctime != null">
        ctime,
      </if>
    </trim>
    <trim prefix="values (" suffix=")" suffixOverrides=",">
      <if test="cid != null">
        #{cid,jdbcType=VARCHAR},
      </if>
      <if test="pid != null">
        #{pid,jdbcType=VARCHAR},
      </if>
      <if test="parentPid != null">
        #{parentPid,jdbcType=VARCHAR},
      </if>
      <if test="name != null">
        #{name,jdbcType=NVARCHAR},
      </if>
      <if test="gender != null">
        #{gender,jdbcType=VARCHAR},
      </if>
      <if test="birthday != null">
        #{birthday,jdbcType=TIMESTAMP},
      </if>
      <if test="ctime != null">
        #{ctime,jdbcType=TIMESTAMP},
      </if>
    </trim>
  </insert>
  <select id="countByExample" parameterType="tw.gov.ndc.emsg.mydata.entity.ChildExample" resultType="java.lang.Long">
    <!--
      WARNING - @mbg.generated
      This element is automatically generated by MyBatis Generator, do not modify.
      This element was generated on Wed Sep 27 13:28:44 CST 2017.
    -->
    select count(*) from child
    <if test="_parameter != null">
      <include refid="Example_Where_Clause" />
    </if>
  </select>
  <update id="updateByExampleSelective" parameterType="map">
    <!--
      WARNING - @mbg.generated
      This element is automatically generated by MyBatis Generator, do not modify.
      This element was generated on Wed Sep 27 13:28:44 CST 2017.
    -->
    update child
    <set>
      <if test="record.cid != null">
        cid = #{record.cid,jdbcType=VARCHAR},
      </if>
      <if test="record.pid != null">
        pid = #{record.pid,jdbcType=VARCHAR},
      </if>
      <if test="record.parentPid != null">
        parent_pid = #{record.parentPid,jdbcType=VARCHAR},
      </if>
      <if test="record.name != null">
        name = #{record.name,jdbcType=NVARCHAR},
      </if>
      <if test="record.gender != null">
        gender = #{record.gender,jdbcType=VARCHAR},
      </if>
      <if test="record.birthday != null">
        birthday = #{record.birthday,jdbcType=TIMESTAMP},
      </if>
      <if test="record.ctime != null">
        ctime = #{record.ctime,jdbcType=TIMESTAMP},
      </if>
    </set>
    <if test="_parameter != null">
      <include refid="Update_By_Example_Where_Clause" />
    </if>
  </update>
  <update id="updateByExample" parameterType="map">
    <!--
      WARNING - @mbg.generated
      This element is automatically generated by MyBatis Generator, do not modify.
      This element was generated on Wed Sep 27 13:28:44 CST 2017.
    -->
    update child
    set cid = #{record.cid,jdbcType=VARCHAR},
      pid = #{record.pid,jdbcType=VARCHAR},
      parent_pid = #{record.parentPid,jdbcType=VARCHAR},
      name = #{record.name,jdbcType=NVARCHAR},
      gender = #{record.gender,jdbcType=VARCHAR},
      birthday = #{record.birthday,jdbcType=TIMESTAMP},
      ctime = #{record.ctime,jdbcType=TIMESTAMP}
    <if test="_parameter != null">
      <include refid="Update_By_Example_Where_Clause" />
    </if>
  </update>
  <select id="selectByExampleWithRowbounds" parameterType="tw.gov.ndc.emsg.mydata.entity.ChildExample" resultMap="BaseResultMap">
    <!--
      WARNING - @mbg.generated
      This element is automatically generated by MyBatis Generator, do not modify.
      This element was generated on Wed Sep 27 13:28:44 CST 2017.
    -->
    select
    <if test="distinct">
      distinct
    </if>
    <include refid="Base_Column_List" />
    from child
    <if test="_parameter != null">
      <include refid="Example_Where_Clause" />
    </if>
    <if test="orderByClause != null">
      order by ${orderByClause}
    </if>
  </select>
</mapper>