{
	"httpCode": "200",
	"httpMessage": "OK",
	"rdCode": "RS7009",
	"rdMessage": "查詢作業完成",
	"responseData": {
		"CentralRelationGradeData": {
			"RelationGradeData": [{
					"PersonId": "F123456789",
					"SpousePersonId": "",
					"Relationship": "己身",
					"RelationGrade": "-",
					"BirthDate": "065/03/10",
					"FullSpouseName": "",
					"FullPersonName": "安大大"
				}, {
					"PersonId": "F100130000",
					"SpousePersonId": "",
					"Relationship": "父",
					"RelationGrade": "1",
					"BirthDate": "010/01/29",
					"FullSpouseName": "",
					"FullPersonName": "安爸爸"
				}, {
					"PersonId": "F333211111",
					"SpousePersonId": "",
					"Relationship": "母",
					"RelationGrade": "1",
					"BirthDate": "042/10/08",
					"FullSpouseName": "",
					"FullPersonName": "林媽媽"
				}
			]
		}
	}
}
