{
	"httpCode": "200",
	"httpMessage": "OK",
	"rdCode": "RS7009",
	"rdMessage": "查詢作業完成",
	"responseData": {
		"personHouseholdData12": {
			"marriage_code": "未婚",
			"education_mark": "大學畢業",
			"person_id": "F12334769584",
			"mother_name": "N/A",
			"query_note": "",
			"id_card_apply_code": "換證",
			"incident_yyymmdd": "",
			"move_in_yyymmdd": "0940727",
			"father_name": "N/A",
			"living_style_code": "無",
			"living_race_type": "",
			"special_mark": "非特殊人口",
			"householdAddress": {
				"neighbor": "006",
				"neighbor_char": "鄰",
				"street_doorplate": "景平路１６８巷３０之１號",
				"village": "景安里",
				"from_site_id": "新北市中和區"
			},
			"foster_parent_mark": "無養父母",
			"special_inci_code": "",
			"register_content": "N/A",
			"id_card_apply_yyymmdd": "N/A",
			"military_code": "後備除役",
			"foster_mother_name": "",
			"seal_apply_code": "已廢止印鑑",
			"birth_place_code": "臺北市",
			"seal_apply_yyymmdd": "0970213",
			"foster_father_name": "",
			"personal_mark": "現住人口",
			"spouse_name": "",
			"birth_order_sex": "次男",
			"person_name": "安大大",
			"birth_yyymmdd": "0630310",
			"household_head_id": "F123456789",
			"household_id": "N/A"
		}
	}
}
