<?xml version="1.0" encoding="UTF-8"?>
<!DOCTYPE mapper PUBLIC "-//mybatis.org//DTD Mapper 3.0//EN" "http://mybatis.org/dtd/mybatis-3-mapper.dtd">
<mapper namespace="tw.gov.ndc.emsg.mydata.mapper.VaccineMapper">
  <resultMap id="BaseResultMap" type="tw.gov.ndc.emsg.mydata.entity.Vaccine">
    <!--
      WARNING - @mbg.generated
      This element is automatically generated by MyBatis Generator, do not modify.
      This element was generated on Wed Sep 27 13:28:44 CST 2017.
    -->
    <id column="vaccine_id" jdbcType="VARCHAR" property="vaccineId" />
    <result column="suitable_age" jdbcType="NVARCHAR" property="suitableAge" />
    <result column="vaccine_species" jdbcType="NVARCHAR" property="vaccineSpecies" />
    <result column="note" jdbcType="NVARCHAR" property="note" />
    <result column="seq" jdbcType="INTEGER" property="seq" />
  </resultMap>
  <sql id="Example_Where_Clause">
    <!--
      WARNING - @mbg.generated
      This element is automatically generated by MyBatis Generator, do not modify.
      This element was generated on Wed Sep 27 13:28:44 CST 2017.
    -->
    <where>
      <foreach collection="oredCriteria" item="criteria" separator="or">
        <if test="criteria.valid">
          <trim prefix="(" prefixOverrides="and" suffix=")">
            <foreach collection="criteria.criteria" item="criterion">
              <choose>
                <when test="criterion.noValue">
                  and ${criterion.condition}
                </when>
                <when test="criterion.singleValue">
                  and ${criterion.condition} #{criterion.value}
                </when>
                <when test="criterion.betweenValue">
                  and ${criterion.condition} #{criterion.value} and #{criterion.secondValue}
                </when>
                <when test="criterion.listValue">
                  and ${criterion.condition}
                  <foreach close=")" collection="criterion.value" item="listItem" open="(" separator=",">
                    #{listItem}
                  </foreach>
                </when>
              </choose>
            </foreach>
          </trim>
        </if>
      </foreach>
    </where>
  </sql>
  <sql id="Update_By_Example_Where_Clause">
    <!--
      WARNING - @mbg.generated
      This element is automatically generated by MyBatis Generator, do not modify.
      This element was generated on Wed Sep 27 13:28:44 CST 2017.
    -->
    <where>
      <foreach collection="example.oredCriteria" item="criteria" separator="or">
        <if test="criteria.valid">
          <trim prefix="(" prefixOverrides="and" suffix=")">
            <foreach collection="criteria.criteria" item="criterion">
              <choose>
                <when test="criterion.noValue">
                  and ${criterion.condition}
                </when>
                <when test="criterion.singleValue">
                  and ${criterion.condition} #{criterion.value}
                </when>
                <when test="criterion.betweenValue">
                  and ${criterion.condition} #{criterion.value} and #{criterion.secondValue}
                </when>
                <when test="criterion.listValue">
                  and ${criterion.condition}
                  <foreach close=")" collection="criterion.value" item="listItem" open="(" separator=",">
                    #{listItem}
                  </foreach>
                </when>
              </choose>
            </foreach>
          </trim>
        </if>
      </foreach>
    </where>
  </sql>
  <sql id="Base_Column_List">
    <!--
      WARNING - @mbg.generated
      This element is automatically generated by MyBatis Generator, do not modify.
      This element was generated on Wed Sep 27 13:28:44 CST 2017.
    -->
    vaccine_id, suitable_age, vaccine_species, note, seq
  </sql>
  <select id="selectByExample" parameterType="tw.gov.ndc.emsg.mydata.entity.VaccineExample" resultMap="BaseResultMap">
    <!--
      WARNING - @mbg.generated
      This element is automatically generated by MyBatis Generator, do not modify.
      This element was generated on Wed Sep 27 13:28:44 CST 2017.
    -->
    select
    <if test="distinct">
      distinct
    </if>
    <include refid="Base_Column_List" />
    from vaccine
    <if test="_parameter != null">
      <include refid="Example_Where_Clause" />
    </if>
    <if test="orderByClause != null">
      order by ${orderByClause}
    </if>
  </select>
  <select id="selectByPrimaryKey" parameterType="java.lang.String" resultMap="BaseResultMap">
    <!--
      WARNING - @mbg.generated
      This element is automatically generated by MyBatis Generator, do not modify.
      This element was generated on Wed Sep 27 13:28:44 CST 2017.
    -->
    select 
    <include refid="Base_Column_List" />
    from vaccine
    where vaccine_id = #{vaccineId,jdbcType=VARCHAR}
  </select>
  <delete id="deleteByPrimaryKey" parameterType="java.lang.String">
    <!--
      WARNING - @mbg.generated
      This element is automatically generated by MyBatis Generator, do not modify.
      This element was generated on Wed Sep 27 13:28:44 CST 2017.
    -->
    delete from vaccine
    where vaccine_id = #{vaccineId,jdbcType=VARCHAR}
  </delete>
  <delete id="deleteByExample" parameterType="tw.gov.ndc.emsg.mydata.entity.VaccineExample">
    <!--
      WARNING - @mbg.generated
      This element is automatically generated by MyBatis Generator, do not modify.
      This element was generated on Wed Sep 27 13:28:44 CST 2017.
    -->
    delete from vaccine
    <if test="_parameter != null">
      <include refid="Example_Where_Clause" />
    </if>
  </delete>
  <insert id="insert" parameterType="tw.gov.ndc.emsg.mydata.entity.Vaccine">
    <!--
      WARNING - @mbg.generated
      This element is automatically generated by MyBatis Generator, do not modify.
      This element was generated on Wed Sep 27 13:28:44 CST 2017.
    -->
    insert into vaccine (vaccine_id, suitable_age, vaccine_species, 
      note, seq)
    values (#{vaccineId,jdbcType=VARCHAR}, #{suitableAge,jdbcType=NVARCHAR}, #{vaccineSpecies,jdbcType=NVARCHAR}, 
      #{note,jdbcType=NVARCHAR}, #{seq,jdbcType=INTEGER})
  </insert>
  <insert id="insertSelective" parameterType="tw.gov.ndc.emsg.mydata.entity.Vaccine">
    <!--
      WARNING - @mbg.generated
      This element is automatically generated by MyBatis Generator, do not modify.
      This element was generated on Wed Sep 27 13:28:44 CST 2017.
    -->
    insert into vaccine
    <trim prefix="(" suffix=")" suffixOverrides=",">
      <if test="vaccineId != null">
        vaccine_id,
      </if>
      <if test="suitableAge != null">
        suitable_age,
      </if>
      <if test="vaccineSpecies != null">
        vaccine_species,
      </if>
      <if test="note != null">
        note,
      </if>
      <if test="seq != null">
        seq,
      </if>
    </trim>
    <trim prefix="values (" suffix=")" suffixOverrides=",">
      <if test="vaccineId != null">
        #{vaccineId,jdbcType=VARCHAR},
      </if>
      <if test="suitableAge != null">
        #{suitableAge,jdbcType=NVARCHAR},
      </if>
      <if test="vaccineSpecies != null">
        #{vaccineSpecies,jdbcType=NVARCHAR},
      </if>
      <if test="note != null">
        #{note,jdbcType=NVARCHAR},
      </if>
      <if test="seq != null">
        #{seq,jdbcType=INTEGER},
      </if>
    </trim>
  </insert>
  <select id="countByExample" parameterType="tw.gov.ndc.emsg.mydata.entity.VaccineExample" resultType="java.lang.Long">
    <!--
      WARNING - @mbg.generated
      This element is automatically generated by MyBatis Generator, do not modify.
      This element was generated on Wed Sep 27 13:28:44 CST 2017.
    -->
    select count(*) from vaccine
    <if test="_parameter != null">
      <include refid="Example_Where_Clause" />
    </if>
  </select>
  <update id="updateByExampleSelective" parameterType="map">
    <!--
      WARNING - @mbg.generated
      This element is automatically generated by MyBatis Generator, do not modify.
      This element was generated on Wed Sep 27 13:28:44 CST 2017.
    -->
    update vaccine
    <set>
      <if test="record.vaccineId != null">
        vaccine_id = #{record.vaccineId,jdbcType=VARCHAR},
      </if>
      <if test="record.suitableAge != null">
        suitable_age = #{record.suitableAge,jdbcType=NVARCHAR},
      </if>
      <if test="record.vaccineSpecies != null">
        vaccine_species = #{record.vaccineSpecies,jdbcType=NVARCHAR},
      </if>
      <if test="record.note != null">
        note = #{record.note,jdbcType=NVARCHAR},
      </if>
      <if test="record.seq != null">
        seq = #{record.seq,jdbcType=INTEGER},
      </if>
    </set>
    <if test="_parameter != null">
      <include refid="Update_By_Example_Where_Clause" />
    </if>
  </update>
  <update id="updateByExample" parameterType="map">
    <!--
      WARNING - @mbg.generated
      This element is automatically generated by MyBatis Generator, do not modify.
      This element was generated on Wed Sep 27 13:28:44 CST 2017.
    -->
    update vaccine
    set vaccine_id = #{record.vaccineId,jdbcType=VARCHAR},
      suitable_age = #{record.suitableAge,jdbcType=NVARCHAR},
      vaccine_species = #{record.vaccineSpecies,jdbcType=NVARCHAR},
      note = #{record.note,jdbcType=NVARCHAR},
      seq = #{record.seq,jdbcType=INTEGER}
    <if test="_parameter != null">
      <include refid="Update_By_Example_Where_Clause" />
    </if>
  </update>
  <update id="updateByPrimaryKeySelective" parameterType="tw.gov.ndc.emsg.mydata.entity.Vaccine">
    <!--
      WARNING - @mbg.generated
      This element is automatically generated by MyBatis Generator, do not modify.
      This element was generated on Wed Sep 27 13:28:44 CST 2017.
    -->
    update vaccine
    <set>
      <if test="suitableAge != null">
        suitable_age = #{suitableAge,jdbcType=NVARCHAR},
      </if>
      <if test="vaccineSpecies != null">
        vaccine_species = #{vaccineSpecies,jdbcType=NVARCHAR},
      </if>
      <if test="note != null">
        note = #{note,jdbcType=NVARCHAR},
      </if>
      <if test="seq != null">
        seq = #{seq,jdbcType=INTEGER},
      </if>
    </set>
    where vaccine_id = #{vaccineId,jdbcType=VARCHAR}
  </update>
  <update id="updateByPrimaryKey" parameterType="tw.gov.ndc.emsg.mydata.entity.Vaccine">
    <!--
      WARNING - @mbg.generated
      This element is automatically generated by MyBatis Generator, do not modify.
      This element was generated on Wed Sep 27 13:28:44 CST 2017.
    -->
    update vaccine
    set suitable_age = #{suitableAge,jdbcType=NVARCHAR},
      vaccine_species = #{vaccineSpecies,jdbcType=NVARCHAR},
      note = #{note,jdbcType=NVARCHAR},
      seq = #{seq,jdbcType=INTEGER}
    where vaccine_id = #{vaccineId,jdbcType=VARCHAR}
  </update>
  <select id="selectByExampleWithRowbounds" parameterType="tw.gov.ndc.emsg.mydata.entity.VaccineExample" resultMap="BaseResultMap">
    <!--
      WARNING - @mbg.generated
      This element is automatically generated by MyBatis Generator, do not modify.
      This element was generated on Wed Sep 27 13:28:44 CST 2017.
    -->
    select
    <if test="distinct">
      distinct
    </if>
    <include refid="Base_Column_List" />
    from vaccine
    <if test="_parameter != null">
      <include refid="Example_Where_Clause" />
    </if>
    <if test="orderByClause != null">
      order by ${orderByClause}
    </if>
  </select>
</mapper>