{
	"id": "9873120a-0a45-49a1-ac0b-9701d119a26e",
	"name": "sp-example",
	"description": "",
	"auth": null,
	"events": null,
	"variables": [],
	"order": [
		"29c04c71-d26e-467a-91de-0767cd89ab75",
		"b0221206-a8f4-4aae-93f7-efb32575aae0",
		"427cf543-cb7e-4d68-9d84-ba6a0ce0ba90"
	],
	"folders_order": [],
	"folders": [],
	"requests": [
		{
			"id": "29c04c71-d26e-467a-91de-0767cd89ab75",
			"name": "http://localhost:8080/sp-example/notification (SP-API ) success",
			"url": "http://localhost:8080/sp-example/notification",
			"description": "",
			"data": [],
			"dataMode": "raw",
			"headerData": [
				{
					"key": "Content-Type",
					"name": "Content-Type",
					"value": "application/json",
					"description": "",
					"type": "text"
				}
			],
			"method": "POST",
			"pathVariableData": [],
			"queryParams": [],
			"auth": null,
			"events": null,
			"folder": null,
			"rawModeData": "{\n\t\"permission_ticket\":\"54978583-1658-4686-8b3d-5a9d457bc0e8\",\n\t\"secret_key\":\"0471f681fa334dba87c0d47fccd76a47\"\n}",
			"headers": "Content-Type: application/json\n",
			"pathVariables": {}
		},
		{
			"id": "427cf543-cb7e-4d68-9d84-ba6a0ce0ba90",
			"name": "http://localhost:8080/mydata/service/data",
			"url": "http://localhost:8080/mydata/service/data",
			"description": "",
			"data": null,
			"dataMode": null,
			"headerData": [
				{
					"key": "permission_ticket",
					"value": "71cd76ac-b4d6-42d8-aac5-1157cc4d6f69",
					"description": "",
					"type": "text",
					"enabled": true
				},
				{
					"key": "Content-Type",
					"value": "application/json",
					"description": "",
					"type": "text",
					"enabled": true
				}
			],
			"method": "GET",
			"pathVariableData": [],
			"queryParams": [],
			"auth": null,
			"events": null,
			"folder": null,
			"headers": "permission_ticket: 71cd76ac-b4d6-42d8-aac5-1157cc4d6f69\nContent-Type: application/json\n",
			"pathVariables": {}
		},
		{
			"id": "b0221206-a8f4-4aae-93f7-efb32575aae0",
			"name": "http://localhost:8080/sp-example/notification (SP-API) Fail",
			"url": "http://localhost:8080/sp-example/notification",
			"description": "",
			"data": [],
			"dataMode": "raw",
			"headerData": [
				{
					"description": "",
					"key": "Content-Type",
					"name": "Content-Type",
					"type": "text",
					"value": "application/json"
				}
			],
			"method": "POST",
			"pathVariableData": [],
			"queryParams": [],
			"auth": null,
			"events": null,
			"folder": null,
			"rawModeData": "{\n\t\"permission_ticket\":\"54978583-1658-4686-8b3d-5a9d457bc0e8\",\n\t\"unable_to_deliver\":[\"API.UZQkKbsOpz\",\"API.zH584wn59r\"]\n}",
			"headers": "Content-Type: application/json\n",
			"pathVariables": {}
		}
	]
}