[
  {
    "birthday": "0630303",
    "bodyNo": "NSP151~4051356",
    "brandName": "國瑞",
    "brandNo": "487",
    "carType": "1",
    "cc": 1496,
    "colorName": "灰",
    "colorNo": "R",
    "lastPrintLicDt": "2018-07-13T13:16:10+08:00",
    "modelName": "NSP151L-YHJRED",
    "modelNo": 0,
    "nextExamDt": "2023-07-13T00:00:00+08:00",
    "ownerId": "H123456789",
    "ownerName": "楊某某",
    "telNo": "0912345678",
    "permAddr": "陽光南路２５巷３６號　",
    "permZipName": "桃園市蘆竹區",
    "permZipNo": "338",
    "plateNo": "YAH-9999",
    "txnName": "本區新領",
    "txnNo": 1101
  }
]
