<configuration>


	<appender name="STDOUT" class="ch.qos.logback.core.ConsoleAppender">
		<encoder>
			<pattern>%date{yyyy-MM-dd HH:mm:ss.SSS} %-5level --- [%thread] %logger{30} : %msg %n</pattern>
		</encoder>
	</appender>
	<appender name="FILE" class="ch.qos.logback.core.rolling.RollingFileAppender">
		<rollingPolicy class="ch.qos.logback.core.rolling.TimeBasedRollingPolicy">
			<fileNamePattern>${user.home}/deploy/logs/dp-example.%d{yyyyMMdd}.log</fileNamePattern>
			<maxHistory>30</maxHistory>
		</rollingPolicy>
		<encoder>
			<pattern>%date{yyyy-MM-dd HH:mm:ss.SSS} %-5level --- [%thread] %logger{45} : %msg %n</pattern>
		</encoder>
	</appender>
	

	<logger name="tw.gov.ndc.emsg.mydata.web" level="DEBUG">
		<appender-ref ref="STDOUT" />
	</logger>

	<logger name="sqllogcom" additivity="false" level="DEBUG">
		<appender-ref ref="STDOUT" />
	</logger>

	<root level="DEBUG">
		<appender-ref ref="STDOUT" />
		<!-- <appender-ref ref="FILE" /> -->
	</root>
	
</configuration>