[{"vilTicket":"Q01836606  ","driverId":"M123456789","plateNo":"9999-AA        ","vilDate":"2018-06-02T11:39:00+08:00","vilAddressNo":"       ","accuseType":"1","arriveDate":"2018-07-02T00:00:00+08:00","rule1No":4810201,"rule2No":0,"rule3No":0,"rule4No":0,"inDate":"2018-06-05T00:00:00+08:00","penalty":600,"payment":0,"respPeopleType":"1","drvName":"王小明"},{"vilTicket":"A04XKU880  ","driverId":"M123456789","plateNo":"AAA-999        ","vilDate":"2016-10-13T08:11:00+08:00","vilAddressNo":"06130  ","accuseType":"1","arriveDate":"2016-11-14T00:00:00+08:00","rule1No":4511301,"rule2No":0,"rule3No":0,"rule4No":0,"inDate":"2016-10-14T00:00:00+08:00","penalty":700,"payment":0,"respPeopleType":"1","drvName":"王小明"},{"vilTicket":"A00ZMR583  ","driverId":"M123456789","plateNo":"AAA-999        ","vilDate":"2017-06-07T21:05:00+08:00","vilAddressNo":"06130  ","accuseType":"1","arriveDate":"2017-07-07T00:00:00+08:00","rule1No":5320001,"rule2No":0,"rule3No":0,"rule4No":0,"inDate":"2017-06-09T00:00:00+08:00","penalty":900,"payment":0,"respPeopleType":"3","drvName":"王小明"}]