<?xml version="1.0" encoding="UTF-8"?>
<!DOCTYPE mapper PUBLIC "-//mybatis.org//DTD Mapper 3.0//EN" "http://mybatis.org/dtd/mybatis-3-mapper.dtd">
<mapper namespace="tw.gov.ndc.emsg.mydata.mapper.VaccinationRecordMapper">
  <resultMap id="BaseResultMap" type="tw.gov.ndc.emsg.mydata.entity.VaccinationRecord">
    <!--
      WARNING - @mbg.generated
      This element is automatically generated by MyBatis Generator, do not modify.
      This element was generated on Wed Sep 27 13:28:44 CST 2017.
    -->
    <id column="vrid" jdbcType="VARCHAR" property="vrid" />
    <result column="cid" jdbcType="VARCHAR" property="cid" />
    <result column="pid" jdbcType="VARCHAR" property="pid" />
    <result column="parent_pid" jdbcType="VARCHAR" property="parentPid" />
    <result column="suitable_age" jdbcType="NVARCHAR" property="suitableAge" />
    <result column="vaccine_species" jdbcType="NVARCHAR" property="vaccineSpecies" />
    <result column="vaccine_count" jdbcType="INTEGER" property="vaccineCount" />
    <result column="batch_no" jdbcType="VARCHAR" property="batchNo" />
    <result column="company" jdbcType="NVARCHAR" property="company" />
    <result column="vaccination_date" jdbcType="TIMESTAMP" property="vaccinationDate" />
    <result column="subsidy" jdbcType="INTEGER" property="subsidy" />
    <result column="inoculated" jdbcType="VARCHAR" property="inoculated" />
    <result column="unit" jdbcType="NVARCHAR" property="unit" />
    <result column="ctime" jdbcType="TIMESTAMP" property="ctime" />
    <result column="can_change" jdbcType="INTEGER" property="canChange" />
  </resultMap>
  <sql id="Example_Where_Clause">
    <!--
      WARNING - @mbg.generated
      This element is automatically generated by MyBatis Generator, do not modify.
      This element was generated on Wed Sep 27 13:28:44 CST 2017.
    -->
    <where>
      <foreach collection="oredCriteria" item="criteria" separator="or">
        <if test="criteria.valid">
          <trim prefix="(" prefixOverrides="and" suffix=")">
            <foreach collection="criteria.criteria" item="criterion">
              <choose>
                <when test="criterion.noValue">
                  and ${criterion.condition}
                </when>
                <when test="criterion.singleValue">
                  and ${criterion.condition} #{criterion.value}
                </when>
                <when test="criterion.betweenValue">
                  and ${criterion.condition} #{criterion.value} and #{criterion.secondValue}
                </when>
                <when test="criterion.listValue">
                  and ${criterion.condition}
                  <foreach close=")" collection="criterion.value" item="listItem" open="(" separator=",">
                    #{listItem}
                  </foreach>
                </when>
              </choose>
            </foreach>
          </trim>
        </if>
      </foreach>
    </where>
  </sql>
  <sql id="Update_By_Example_Where_Clause">
    <!--
      WARNING - @mbg.generated
      This element is automatically generated by MyBatis Generator, do not modify.
      This element was generated on Wed Sep 27 13:28:44 CST 2017.
    -->
    <where>
      <foreach collection="example.oredCriteria" item="criteria" separator="or">
        <if test="criteria.valid">
          <trim prefix="(" prefixOverrides="and" suffix=")">
            <foreach collection="criteria.criteria" item="criterion">
              <choose>
                <when test="criterion.noValue">
                  and ${criterion.condition}
                </when>
                <when test="criterion.singleValue">
                  and ${criterion.condition} #{criterion.value}
                </when>
                <when test="criterion.betweenValue">
                  and ${criterion.condition} #{criterion.value} and #{criterion.secondValue}
                </when>
                <when test="criterion.listValue">
                  and ${criterion.condition}
                  <foreach close=")" collection="criterion.value" item="listItem" open="(" separator=",">
                    #{listItem}
                  </foreach>
                </when>
              </choose>
            </foreach>
          </trim>
        </if>
      </foreach>
    </where>
  </sql>
  <sql id="Base_Column_List">
    <!--
      WARNING - @mbg.generated
      This element is automatically generated by MyBatis Generator, do not modify.
      This element was generated on Wed Sep 27 13:28:44 CST 2017.
    -->
    vrid, cid, pid, parent_pid, suitable_age, vaccine_species, vaccine_count, batch_no, 
    company, vaccination_date, subsidy, inoculated, unit, ctime, can_change
  </sql>
  <select id="selectByExample" parameterType="tw.gov.ndc.emsg.mydata.entity.VaccinationRecordExample" resultMap="BaseResultMap">
    <!--
      WARNING - @mbg.generated
      This element is automatically generated by MyBatis Generator, do not modify.
      This element was generated on Wed Sep 27 13:28:44 CST 2017.
    -->
    select
    <if test="distinct">
      distinct
    </if>
    <include refid="Base_Column_List" />
    from vaccination_record
    <if test="_parameter != null">
      <include refid="Example_Where_Clause" />
    </if>
    <if test="orderByClause != null">
      order by ${orderByClause}
    </if>
  </select>
  <select id="selectByPrimaryKey" parameterType="java.lang.String" resultMap="BaseResultMap">
    <!--
      WARNING - @mbg.generated
      This element is automatically generated by MyBatis Generator, do not modify.
      This element was generated on Wed Sep 27 13:28:44 CST 2017.
    -->
    select 
    <include refid="Base_Column_List" />
    from vaccination_record
    where vrid = #{vrid,jdbcType=VARCHAR}
  </select>
  <delete id="deleteByPrimaryKey" parameterType="java.lang.String">
    <!--
      WARNING - @mbg.generated
      This element is automatically generated by MyBatis Generator, do not modify.
      This element was generated on Wed Sep 27 13:28:44 CST 2017.
    -->
    delete from vaccination_record
    where vrid = #{vrid,jdbcType=VARCHAR}
  </delete>
  <delete id="deleteByExample" parameterType="tw.gov.ndc.emsg.mydata.entity.VaccinationRecordExample">
    <!--
      WARNING - @mbg.generated
      This element is automatically generated by MyBatis Generator, do not modify.
      This element was generated on Wed Sep 27 13:28:44 CST 2017.
    -->
    delete from vaccination_record
    <if test="_parameter != null">
      <include refid="Example_Where_Clause" />
    </if>
  </delete>
  <insert id="insert" parameterType="tw.gov.ndc.emsg.mydata.entity.VaccinationRecord">
    <!--
      WARNING - @mbg.generated
      This element is automatically generated by MyBatis Generator, do not modify.
      This element was generated on Wed Sep 27 13:28:44 CST 2017.
    -->
    insert into vaccination_record (vrid, cid, pid, 
      parent_pid, suitable_age, vaccine_species, 
      vaccine_count, batch_no, company, 
      vaccination_date, subsidy, inoculated, 
      unit, ctime, can_change
      )
    values (#{vrid,jdbcType=VARCHAR}, #{cid,jdbcType=VARCHAR}, #{pid,jdbcType=VARCHAR}, 
      #{parentPid,jdbcType=VARCHAR}, #{suitableAge,jdbcType=NVARCHAR}, #{vaccineSpecies,jdbcType=NVARCHAR}, 
      #{vaccineCount,jdbcType=INTEGER}, #{batchNo,jdbcType=VARCHAR}, #{company,jdbcType=NVARCHAR}, 
      #{vaccinationDate,jdbcType=TIMESTAMP}, #{subsidy,jdbcType=INTEGER}, #{inoculated,jdbcType=VARCHAR}, 
      #{unit,jdbcType=NVARCHAR}, #{ctime,jdbcType=TIMESTAMP}, #{canChange,jdbcType=INTEGER}
      )
  </insert>
  <insert id="insertSelective" parameterType="tw.gov.ndc.emsg.mydata.entity.VaccinationRecord">
    <!--
      WARNING - @mbg.generated
      This element is automatically generated by MyBatis Generator, do not modify.
      This element was generated on Wed Sep 27 13:28:44 CST 2017.
    -->
    insert into vaccination_record
    <trim prefix="(" suffix=")" suffixOverrides=",">
      <if test="vrid != null">
        vrid,
      </if>
      <if test="cid != null">
        cid,
      </if>
      <if test="pid != null">
        pid,
      </if>
      <if test="parentPid != null">
        parent_pid,
      </if>
      <if test="suitableAge != null">
        suitable_age,
      </if>
      <if test="vaccineSpecies != null">
        vaccine_species,
      </if>
      <if test="vaccineCount != null">
        vaccine_count,
      </if>
      <if test="batchNo != null">
        batch_no,
      </if>
      <if test="company != null">
        company,
      </if>
      <if test="vaccinationDate != null">
        vaccination_date,
      </if>
      <if test="subsidy != null">
        subsidy,
      </if>
      <if test="inoculated != null">
        inoculated,
      </if>
      <if test="unit != null">
        unit,
      </if>
      <if test="ctime != null">
        ctime,
      </if>
      <if test="canChange != null">
        can_change,
      </if>
    </trim>
    <trim prefix="values (" suffix=")" suffixOverrides=",">
      <if test="vrid != null">
        #{vrid,jdbcType=VARCHAR},
      </if>
      <if test="cid != null">
        #{cid,jdbcType=VARCHAR},
      </if>
      <if test="pid != null">
        #{pid,jdbcType=VARCHAR},
      </if>
      <if test="parentPid != null">
        #{parentPid,jdbcType=VARCHAR},
      </if>
      <if test="suitableAge != null">
        #{suitableAge,jdbcType=NVARCHAR},
      </if>
      <if test="vaccineSpecies != null">
        #{vaccineSpecies,jdbcType=NVARCHAR},
      </if>
      <if test="vaccineCount != null">
        #{vaccineCount,jdbcType=INTEGER},
      </if>
      <if test="batchNo != null">
        #{batchNo,jdbcType=VARCHAR},
      </if>
      <if test="company != null">
        #{company,jdbcType=NVARCHAR},
      </if>
      <if test="vaccinationDate != null">
        #{vaccinationDate,jdbcType=TIMESTAMP},
      </if>
      <if test="subsidy != null">
        #{subsidy,jdbcType=INTEGER},
      </if>
      <if test="inoculated != null">
        #{inoculated,jdbcType=VARCHAR},
      </if>
      <if test="unit != null">
        #{unit,jdbcType=NVARCHAR},
      </if>
      <if test="ctime != null">
        #{ctime,jdbcType=TIMESTAMP},
      </if>
      <if test="canChange != null">
        #{canChange,jdbcType=INTEGER},
      </if>
    </trim>
  </insert>
  <select id="countByExample" parameterType="tw.gov.ndc.emsg.mydata.entity.VaccinationRecordExample" resultType="java.lang.Long">
    <!--
      WARNING - @mbg.generated
      This element is automatically generated by MyBatis Generator, do not modify.
      This element was generated on Wed Sep 27 13:28:44 CST 2017.
    -->
    select count(*) from vaccination_record
    <if test="_parameter != null">
      <include refid="Example_Where_Clause" />
    </if>
  </select>
  <update id="updateByExampleSelective" parameterType="map">
    <!--
      WARNING - @mbg.generated
      This element is automatically generated by MyBatis Generator, do not modify.
      This element was generated on Wed Sep 27 13:28:44 CST 2017.
    -->
    update vaccination_record
    <set>
      <if test="record.vrid != null">
        vrid = #{record.vrid,jdbcType=VARCHAR},
      </if>
      <if test="record.cid != null">
        cid = #{record.cid,jdbcType=VARCHAR},
      </if>
      <if test="record.pid != null">
        pid = #{record.pid,jdbcType=VARCHAR},
      </if>
      <if test="record.parentPid != null">
        parent_pid = #{record.parentPid,jdbcType=VARCHAR},
      </if>
      <if test="record.suitableAge != null">
        suitable_age = #{record.suitableAge,jdbcType=NVARCHAR},
      </if>
      <if test="record.vaccineSpecies != null">
        vaccine_species = #{record.vaccineSpecies,jdbcType=NVARCHAR},
      </if>
      <if test="record.vaccineCount != null">
        vaccine_count = #{record.vaccineCount,jdbcType=INTEGER},
      </if>
      <if test="record.batchNo != null">
        batch_no = #{record.batchNo,jdbcType=VARCHAR},
      </if>
      <if test="record.company != null">
        company = #{record.company,jdbcType=NVARCHAR},
      </if>
      <if test="record.vaccinationDate != null">
        vaccination_date = #{record.vaccinationDate,jdbcType=TIMESTAMP},
      </if>
      <if test="record.subsidy != null">
        subsidy = #{record.subsidy,jdbcType=INTEGER},
      </if>
      <if test="record.inoculated != null">
        inoculated = #{record.inoculated,jdbcType=VARCHAR},
      </if>
      <if test="record.unit != null">
        unit = #{record.unit,jdbcType=NVARCHAR},
      </if>
      <if test="record.ctime != null">
        ctime = #{record.ctime,jdbcType=TIMESTAMP},
      </if>
      <if test="record.canChange != null">
        can_change = #{record.canChange,jdbcType=INTEGER},
      </if>
    </set>
    <if test="_parameter != null">
      <include refid="Update_By_Example_Where_Clause" />
    </if>
  </update>
  <update id="updateByExample" parameterType="map">
    <!--
      WARNING - @mbg.generated
      This element is automatically generated by MyBatis Generator, do not modify.
      This element was generated on Wed Sep 27 13:28:44 CST 2017.
    -->
    update vaccination_record
    set vrid = #{record.vrid,jdbcType=VARCHAR},
      cid = #{record.cid,jdbcType=VARCHAR},
      pid = #{record.pid,jdbcType=VARCHAR},
      parent_pid = #{record.parentPid,jdbcType=VARCHAR},
      suitable_age = #{record.suitableAge,jdbcType=NVARCHAR},
      vaccine_species = #{record.vaccineSpecies,jdbcType=NVARCHAR},
      vaccine_count = #{record.vaccineCount,jdbcType=INTEGER},
      batch_no = #{record.batchNo,jdbcType=VARCHAR},
      company = #{record.company,jdbcType=NVARCHAR},
      vaccination_date = #{record.vaccinationDate,jdbcType=TIMESTAMP},
      subsidy = #{record.subsidy,jdbcType=INTEGER},
      inoculated = #{record.inoculated,jdbcType=VARCHAR},
      unit = #{record.unit,jdbcType=NVARCHAR},
      ctime = #{record.ctime,jdbcType=TIMESTAMP},
      can_change = #{record.canChange,jdbcType=INTEGER}
    <if test="_parameter != null">
      <include refid="Update_By_Example_Where_Clause" />
    </if>
  </update>
  <update id="updateByPrimaryKeySelective" parameterType="tw.gov.ndc.emsg.mydata.entity.VaccinationRecord">
    <!--
      WARNING - @mbg.generated
      This element is automatically generated by MyBatis Generator, do not modify.
      This element was generated on Wed Sep 27 13:28:44 CST 2017.
    -->
    update vaccination_record
    <set>
      <if test="cid != null">
        cid = #{cid,jdbcType=VARCHAR},
      </if>
      <if test="pid != null">
        pid = #{pid,jdbcType=VARCHAR},
      </if>
      <if test="parentPid != null">
        parent_pid = #{parentPid,jdbcType=VARCHAR},
      </if>
      <if test="suitableAge != null">
        suitable_age = #{suitableAge,jdbcType=NVARCHAR},
      </if>
      <if test="vaccineSpecies != null">
        vaccine_species = #{vaccineSpecies,jdbcType=NVARCHAR},
      </if>
      <if test="vaccineCount != null">
        vaccine_count = #{vaccineCount,jdbcType=INTEGER},
      </if>
      <if test="batchNo != null">
        batch_no = #{batchNo,jdbcType=VARCHAR},
      </if>
      <if test="company != null">
        company = #{company,jdbcType=NVARCHAR},
      </if>
      <if test="vaccinationDate != null">
        vaccination_date = #{vaccinationDate,jdbcType=TIMESTAMP},
      </if>
      <if test="subsidy != null">
        subsidy = #{subsidy,jdbcType=INTEGER},
      </if>
      <if test="inoculated != null">
        inoculated = #{inoculated,jdbcType=VARCHAR},
      </if>
      <if test="unit != null">
        unit = #{unit,jdbcType=NVARCHAR},
      </if>
      <if test="ctime != null">
        ctime = #{ctime,jdbcType=TIMESTAMP},
      </if>
      <if test="canChange != null">
        can_change = #{canChange,jdbcType=INTEGER},
      </if>
    </set>
    where vrid = #{vrid,jdbcType=VARCHAR}
  </update>
  <update id="updateByPrimaryKey" parameterType="tw.gov.ndc.emsg.mydata.entity.VaccinationRecord">
    <!--
      WARNING - @mbg.generated
      This element is automatically generated by MyBatis Generator, do not modify.
      This element was generated on Wed Sep 27 13:28:44 CST 2017.
    -->
    update vaccination_record
    set cid = #{cid,jdbcType=VARCHAR},
      pid = #{pid,jdbcType=VARCHAR},
      parent_pid = #{parentPid,jdbcType=VARCHAR},
      suitable_age = #{suitableAge,jdbcType=NVARCHAR},
      vaccine_species = #{vaccineSpecies,jdbcType=NVARCHAR},
      vaccine_count = #{vaccineCount,jdbcType=INTEGER},
      batch_no = #{batchNo,jdbcType=VARCHAR},
      company = #{company,jdbcType=NVARCHAR},
      vaccination_date = #{vaccinationDate,jdbcType=TIMESTAMP},
      subsidy = #{subsidy,jdbcType=INTEGER},
      inoculated = #{inoculated,jdbcType=VARCHAR},
      unit = #{unit,jdbcType=NVARCHAR},
      ctime = #{ctime,jdbcType=TIMESTAMP},
      can_change = #{canChange,jdbcType=INTEGER}
    where vrid = #{vrid,jdbcType=VARCHAR}
  </update>
  <select id="selectByExampleWithRowbounds" parameterType="tw.gov.ndc.emsg.mydata.entity.VaccinationRecordExample" resultMap="BaseResultMap">
    <!--
      WARNING - @mbg.generated
      This element is automatically generated by MyBatis Generator, do not modify.
      This element was generated on Wed Sep 27 13:28:44 CST 2017.
    -->
    select
    <if test="distinct">
      distinct
    </if>
    <include refid="Base_Column_List" />
    from vaccination_record
    <if test="_parameter != null">
      <include refid="Example_Where_Clause" />
    </if>
    <if test="orderByClause != null">
      order by ${orderByClause}
    </if>
  </select>
</mapper>