<?xml version="1.0" encoding="UTF-8"?>
<!--
       Copyright 2009-2011 The MyBatis Team

       Licensed under the Apache License, Version 2.0 (the "License");
       you may not use this file except in compliance with the License.
       You may obtain a copy of the License at

          http://www.apache.org/licenses/LICENSE-2.0

       Unless required by applicable law or agreed to in writing, software
       distributed under the License is distributed on an "AS IS" BASIS,
       WITHOUT WARRANTIES OR CONDITIONS OF ANY KIND, either express or implied.
       See the License for the specific language governing permissions and
       limitations under the License.
-->
<!DOCTYPE configuration 
	PUBLIC "-//mybatis.org//DTD Config 3.0//EN"
  	"http://mybatis.org/dtd/mybatis-3-config.dtd">
  	
<configuration>
	<!-- <properties resource="conf/common.properties" /> -->
	<settings>
		<setting name="cacheEnabled" value="true"/>
		<setting name="lazyLoadingEnabled" value="true"/>
		<setting name="aggressiveLazyLoading" value="true"/>
		<setting name="multipleResultSetsEnabled" value="true"/>
		<setting name="useColumnLabel" value="true"/>
		<setting name="useGeneratedKeys" value="false"/>
		<!-- NONE/PARTIAL/FULL -->
		<setting name="autoMappingBehavior" value="PARTIAL"/>
		<!-- SIMPLE/REUSE/BATCH -->
		<setting name="defaultExecutorType" value="SIMPLE"/>
		<setting name="defaultStatementTimeout" value="25000"/>
		<setting name="logPrefix" value="sqllog"/>
		<setting name="logImpl" value="SLF4J"/>
	</settings>
	
	<!-- Bean檔取別名在這裡!! -->	
	<typeAliases>
		<package name="tw.gov.ndc.emsg.mydata.entity"/>
	</typeAliases>
	
	<!-- 若使用Spring初始，這個部份會被忽略 -->
	<!-- <environments default="el">
		<environment id="el">	
			<transactionManager type="JDBC" />
			<dataSource type="POOLED">
				<property name="driver" value="${DB_DRIVER}" />
				<property name="url" value="${DB_URL}" />
				<property name="username" value="${DB_USER}" />
				<property name="password" value="${DB_PASSWORD}" />
				<property name="poolMaximumActiveConnections" value="100" />
				<property name="poolMaximumIdleConnections" value="10" />
				<property name="poolMaximumCheckoutTime" value="20000" />
				<property name="poolTimeToWait" value="20000" />
				<property name="poolPingEnabled" value="true" />
				<property name="poolPingQuery" value="select 1" />
				<property name="poolPingConnectionsNotUsedFor" value="3600000" />
			</dataSource>
		</environment>
	</environments>  -->
	
	<!-- 設定支援多資料庫。在mapper.xml中可透過databaseId屬性來指定該SQL語句是要在那一個資料庫中被執行 -->
	<!-- <databaseIdProvider type="DB_VENDOR">
		<property name="Oracle" value="oracle" />
	</databaseIdProvider> -->
	
	<!-- Mapper XML檔案要在這裡加入。 -->
	<!-- 若在spring-datasource-config.xml中有指定給spring-mybatis掃描目錄的話，這邊都不需再手動指派。 <mybatis:scan base-package="..." -->
	<mappers>		
	</mappers>
	
</configuration>