<?xml version="1.0" encoding="UTF-8"?>
<!DOCTYPE mapper PUBLIC "-//mybatis.org//DTD Mapper 3.0//EN" "http://mybatis.org/dtd/mybatis-3-mapper.dtd">
<mapper namespace="tw.gov.ndc.emsg.mydata.mapper.AccountMapper">
  <resultMap id="BaseResultMap" type="tw.gov.ndc.emsg.mydata.entity.Account">
    <!--
      WARNING - @mbg.generated
      This element is automatically generated by MyBatis Generator, do not modify.
      This element was generated on Thu Sep 21 13:52:19 CST 2017.
    -->
    <id column="account_id" jdbcType="CHAR" property="accountId" />
    <result column="login_id" jdbcType="VARCHAR" property="loginId" />
    <result column="login_pw" jdbcType="VARCHAR" property="loginPw" />
    <result column="phone_number" jdbcType="VARCHAR" property="phoneNumber" />
    <result column="role" jdbcType="VARCHAR" property="role" />
    <result column="name" jdbcType="VARCHAR" property="name" />
    <result column="pid" jdbcType="VARCHAR" property="pid" />
    <result column="medic_num" jdbcType="VARCHAR" property="medicNum" />
    <result column="gender" jdbcType="VARCHAR" property="gender" />
    <result column="birthday" jdbcType="DATE" property="birthday" />
    <result column="height" jdbcType="DOUBLE" property="height" />
    <result column="weight" jdbcType="DOUBLE" property="weight" />
    <result column="priority" jdbcType="INTEGER" property="priority" />
    <result column="last_changed_time" jdbcType="TIMESTAMP" property="lastChangedTime" />
    <result column="iserr" jdbcType="INTEGER" property="iserr" />
    <result column="has_new_message" jdbcType="INTEGER" property="hasNewMessage" />
    <result column="phone_number2" jdbcType="VARCHAR" property="phoneNumber2" />
    <result column="email" jdbcType="VARCHAR" property="email" />
    <result column="address" jdbcType="VARCHAR" property="address" />
    <result column="address2" jdbcType="VARCHAR" property="address2" />
    <result column="isalone" jdbcType="INTEGER" property="isalone" />
    <result column="iscandy" jdbcType="INTEGER" property="iscandy" />
    <result column="ishighbp" jdbcType="INTEGER" property="ishighbp" />
    <result column="isfar" jdbcType="INTEGER" property="isfar" />
    <result column="isforget" jdbcType="INTEGER" property="isforget" />
    <result column="apply_instituion" jdbcType="VARCHAR" property="applyInstituion" />
    <result column="class" jdbcType="VARCHAR" property="classes" />
    <result column="isenable" jdbcType="INTEGER" property="isenable" />
    <result column="applydate" jdbcType="DATE" property="applydate" />
    <result column="isallergic" jdbcType="INTEGER" property="isallergic" />
    <result column="isphone_verified" jdbcType="INTEGER" property="isphoneVerified" />
    <result column="phone_veri_str" jdbcType="VARCHAR" property="phoneVeriStr" />
    <result column="phone_text_cd" jdbcType="TIMESTAMP" property="phoneTextCd" />
  </resultMap>
  <resultMap extends="BaseResultMap" id="ResultMapWithBLOBs" type="tw.gov.ndc.emsg.mydata.entity.Account">
    <!--
      WARNING - @mbg.generated
      This element is automatically generated by MyBatis Generator, do not modify.
      This element was generated on Thu Sep 21 13:52:19 CST 2017.
    -->
    <result column="medic_history" jdbcType="LONGNVARCHAR" property="medicHistory" />
  </resultMap>
  <sql id="Example_Where_Clause">
    <!--
      WARNING - @mbg.generated
      This element is automatically generated by MyBatis Generator, do not modify.
      This element was generated on Thu Sep 21 13:52:19 CST 2017.
    -->
    <where>
      <foreach collection="oredCriteria" item="criteria" separator="or">
        <if test="criteria.valid">
          <trim prefix="(" prefixOverrides="and" suffix=")">
            <foreach collection="criteria.criteria" item="criterion">
              <choose>
                <when test="criterion.noValue">
                  and ${criterion.condition}
                </when>
                <when test="criterion.singleValue">
                  and ${criterion.condition} #{criterion.value}
                </when>
                <when test="criterion.betweenValue">
                  and ${criterion.condition} #{criterion.value} and #{criterion.secondValue}
                </when>
                <when test="criterion.listValue">
                  and ${criterion.condition}
                  <foreach close=")" collection="criterion.value" item="listItem" open="(" separator=",">
                    #{listItem}
                  </foreach>
                </when>
              </choose>
            </foreach>
          </trim>
        </if>
      </foreach>
    </where>
  </sql>
  <sql id="Update_By_Example_Where_Clause">
    <!--
      WARNING - @mbg.generated
      This element is automatically generated by MyBatis Generator, do not modify.
      This element was generated on Thu Sep 21 13:52:19 CST 2017.
    -->
    <where>
      <foreach collection="example.oredCriteria" item="criteria" separator="or">
        <if test="criteria.valid">
          <trim prefix="(" prefixOverrides="and" suffix=")">
            <foreach collection="criteria.criteria" item="criterion">
              <choose>
                <when test="criterion.noValue">
                  and ${criterion.condition}
                </when>
                <when test="criterion.singleValue">
                  and ${criterion.condition} #{criterion.value}
                </when>
                <when test="criterion.betweenValue">
                  and ${criterion.condition} #{criterion.value} and #{criterion.secondValue}
                </when>
                <when test="criterion.listValue">
                  and ${criterion.condition}
                  <foreach close=")" collection="criterion.value" item="listItem" open="(" separator=",">
                    #{listItem}
                  </foreach>
                </when>
              </choose>
            </foreach>
          </trim>
        </if>
      </foreach>
    </where>
  </sql>
  <sql id="Base_Column_List">
    <!--
      WARNING - @mbg.generated
      This element is automatically generated by MyBatis Generator, do not modify.
      This element was generated on Thu Sep 21 13:52:19 CST 2017.
    -->
    account_id, login_id, login_pw, phone_number, role, name, pid, medic_num, gender, 
    birthday, height, weight, priority, last_changed_time, iserr, has_new_message, phone_number2, 
    email, address, address2, isalone, iscandy, ishighbp, isfar, isforget, apply_instituion, 
    class, isenable, applydate, isallergic, isphone_verified, phone_veri_str, phone_text_cd
  </sql>
  <sql id="Blob_Column_List">
    <!--
      WARNING - @mbg.generated
      This element is automatically generated by MyBatis Generator, do not modify.
      This element was generated on Thu Sep 21 13:52:19 CST 2017.
    -->
    medic_history
  </sql>
  <select id="selectByExampleWithBLOBs" parameterType="tw.gov.ndc.emsg.mydata.entity.AccountExample" resultMap="ResultMapWithBLOBs">
    <!--
      WARNING - @mbg.generated
      This element is automatically generated by MyBatis Generator, do not modify.
      This element was generated on Thu Sep 21 13:52:19 CST 2017.
    -->
    select
    <if test="distinct">
      distinct
    </if>
    <include refid="Base_Column_List" />
    ,
    <include refid="Blob_Column_List" />
    from account
    <if test="_parameter != null">
      <include refid="Example_Where_Clause" />
    </if>
    <if test="orderByClause != null">
      order by ${orderByClause}
    </if>
  </select>
  <select id="selectByExample" parameterType="tw.gov.ndc.emsg.mydata.entity.AccountExample" resultMap="BaseResultMap">
    <!--
      WARNING - @mbg.generated
      This element is automatically generated by MyBatis Generator, do not modify.
      This element was generated on Thu Sep 21 13:52:19 CST 2017.
    -->
    select
    <if test="distinct">
      distinct
    </if>
    <include refid="Base_Column_List" />
    from account
    <if test="_parameter != null">
      <include refid="Example_Where_Clause" />
    </if>
    <if test="orderByClause != null">
      order by ${orderByClause}
    </if>
  </select>
  <select id="selectByPrimaryKey" parameterType="java.lang.String" resultMap="ResultMapWithBLOBs">
    <!--
      WARNING - @mbg.generated
      This element is automatically generated by MyBatis Generator, do not modify.
      This element was generated on Thu Sep 21 13:52:19 CST 2017.
    -->
    select 
    <include refid="Base_Column_List" />
    ,
    <include refid="Blob_Column_List" />
    from account
    where account_id = #{accountId,jdbcType=CHAR}
  </select>
  <delete id="deleteByPrimaryKey" parameterType="java.lang.String">
    <!--
      WARNING - @mbg.generated
      This element is automatically generated by MyBatis Generator, do not modify.
      This element was generated on Thu Sep 21 13:52:19 CST 2017.
    -->
    delete from account
    where account_id = #{accountId,jdbcType=CHAR}
  </delete>
  <delete id="deleteByExample" parameterType="tw.gov.ndc.emsg.mydata.entity.AccountExample">
    <!--
      WARNING - @mbg.generated
      This element is automatically generated by MyBatis Generator, do not modify.
      This element was generated on Thu Sep 21 13:52:19 CST 2017.
    -->
    delete from account
    <if test="_parameter != null">
      <include refid="Example_Where_Clause" />
    </if>
  </delete>
  <insert id="insert" parameterType="tw.gov.ndc.emsg.mydata.entity.Account">
    <!--
      WARNING - @mbg.generated
      This element is automatically generated by MyBatis Generator, do not modify.
      This element was generated on Thu Sep 21 13:52:19 CST 2017.
    -->
    insert into account (account_id, login_id, login_pw, 
      phone_number, role, name, 
      pid, medic_num, gender, 
      birthday, height, weight, 
      priority, last_changed_time, iserr, 
      has_new_message, phone_number2, email, 
      address, address2, isalone, 
      iscandy, ishighbp, isfar, 
      isforget, apply_instituion, class, 
      isenable, applydate, isallergic, 
      isphone_verified, phone_veri_str, phone_text_cd, 
      medic_history)
    values (#{accountId,jdbcType=CHAR}, #{loginId,jdbcType=VARCHAR}, #{loginPw,jdbcType=VARCHAR}, 
      #{phoneNumber,jdbcType=VARCHAR}, #{role,jdbcType=VARCHAR}, #{name,jdbcType=VARCHAR}, 
      #{pid,jdbcType=VARCHAR}, #{medicNum,jdbcType=VARCHAR}, #{gender,jdbcType=VARCHAR}, 
      #{birthday,jdbcType=DATE}, #{height,jdbcType=DOUBLE}, #{weight,jdbcType=DOUBLE}, 
      #{priority,jdbcType=INTEGER}, #{lastChangedTime,jdbcType=TIMESTAMP}, #{iserr,jdbcType=INTEGER}, 
      #{hasNewMessage,jdbcType=INTEGER}, #{phoneNumber2,jdbcType=VARCHAR}, #{email,jdbcType=VARCHAR}, 
      #{address,jdbcType=VARCHAR}, #{address2,jdbcType=VARCHAR}, #{isalone,jdbcType=INTEGER}, 
      #{iscandy,jdbcType=INTEGER}, #{ishighbp,jdbcType=INTEGER}, #{isfar,jdbcType=INTEGER}, 
      #{isforget,jdbcType=INTEGER}, #{applyInstituion,jdbcType=VARCHAR}, #{class,jdbcType=VARCHAR}, 
      #{isenable,jdbcType=INTEGER}, #{applydate,jdbcType=DATE}, #{isallergic,jdbcType=INTEGER}, 
      #{isphoneVerified,jdbcType=INTEGER}, #{phoneVeriStr,jdbcType=VARCHAR}, #{phoneTextCd,jdbcType=TIMESTAMP}, 
      #{medicHistory,jdbcType=LONGNVARCHAR})
  </insert>
  <insert id="insertSelective" parameterType="tw.gov.ndc.emsg.mydata.entity.Account">
    <!--
      WARNING - @mbg.generated
      This element is automatically generated by MyBatis Generator, do not modify.
      This element was generated on Thu Sep 21 13:52:19 CST 2017.
    -->
    insert into account
    <trim prefix="(" suffix=")" suffixOverrides=",">
      <if test="accountId != null">
        account_id,
      </if>
      <if test="loginId != null">
        login_id,
      </if>
      <if test="loginPw != null">
        login_pw,
      </if>
      <if test="phoneNumber != null">
        phone_number,
      </if>
      <if test="role != null">
        role,
      </if>
      <if test="name != null">
        name,
      </if>
      <if test="pid != null">
        pid,
      </if>
      <if test="medicNum != null">
        medic_num,
      </if>
      <if test="gender != null">
        gender,
      </if>
      <if test="birthday != null">
        birthday,
      </if>
      <if test="height != null">
        height,
      </if>
      <if test="weight != null">
        weight,
      </if>
      <if test="priority != null">
        priority,
      </if>
      <if test="lastChangedTime != null">
        last_changed_time,
      </if>
      <if test="iserr != null">
        iserr,
      </if>
      <if test="hasNewMessage != null">
        has_new_message,
      </if>
      <if test="phoneNumber2 != null">
        phone_number2,
      </if>
      <if test="email != null">
        email,
      </if>
      <if test="address != null">
        address,
      </if>
      <if test="address2 != null">
        address2,
      </if>
      <if test="isalone != null">
        isalone,
      </if>
      <if test="iscandy != null">
        iscandy,
      </if>
      <if test="ishighbp != null">
        ishighbp,
      </if>
      <if test="isfar != null">
        isfar,
      </if>
      <if test="isforget != null">
        isforget,
      </if>
      <if test="applyInstituion != null">
        apply_instituion,
      </if>
      <if test="class != null">
        class,
      </if>
      <if test="isenable != null">
        isenable,
      </if>
      <if test="applydate != null">
        applydate,
      </if>
      <if test="isallergic != null">
        isallergic,
      </if>
      <if test="isphoneVerified != null">
        isphone_verified,
      </if>
      <if test="phoneVeriStr != null">
        phone_veri_str,
      </if>
      <if test="phoneTextCd != null">
        phone_text_cd,
      </if>
      <if test="medicHistory != null">
        medic_history,
      </if>
    </trim>
    <trim prefix="values (" suffix=")" suffixOverrides=",">
      <if test="accountId != null">
        #{accountId,jdbcType=CHAR},
      </if>
      <if test="loginId != null">
        #{loginId,jdbcType=VARCHAR},
      </if>
      <if test="loginPw != null">
        #{loginPw,jdbcType=VARCHAR},
      </if>
      <if test="phoneNumber != null">
        #{phoneNumber,jdbcType=VARCHAR},
      </if>
      <if test="role != null">
        #{role,jdbcType=VARCHAR},
      </if>
      <if test="name != null">
        #{name,jdbcType=VARCHAR},
      </if>
      <if test="pid != null">
        #{pid,jdbcType=VARCHAR},
      </if>
      <if test="medicNum != null">
        #{medicNum,jdbcType=VARCHAR},
      </if>
      <if test="gender != null">
        #{gender,jdbcType=VARCHAR},
      </if>
      <if test="birthday != null">
        #{birthday,jdbcType=DATE},
      </if>
      <if test="height != null">
        #{height,jdbcType=DOUBLE},
      </if>
      <if test="weight != null">
        #{weight,jdbcType=DOUBLE},
      </if>
      <if test="priority != null">
        #{priority,jdbcType=INTEGER},
      </if>
      <if test="lastChangedTime != null">
        #{lastChangedTime,jdbcType=TIMESTAMP},
      </if>
      <if test="iserr != null">
        #{iserr,jdbcType=INTEGER},
      </if>
      <if test="hasNewMessage != null">
        #{hasNewMessage,jdbcType=INTEGER},
      </if>
      <if test="phoneNumber2 != null">
        #{phoneNumber2,jdbcType=VARCHAR},
      </if>
      <if test="email != null">
        #{email,jdbcType=VARCHAR},
      </if>
      <if test="address != null">
        #{address,jdbcType=VARCHAR},
      </if>
      <if test="address2 != null">
        #{address2,jdbcType=VARCHAR},
      </if>
      <if test="isalone != null">
        #{isalone,jdbcType=INTEGER},
      </if>
      <if test="iscandy != null">
        #{iscandy,jdbcType=INTEGER},
      </if>
      <if test="ishighbp != null">
        #{ishighbp,jdbcType=INTEGER},
      </if>
      <if test="isfar != null">
        #{isfar,jdbcType=INTEGER},
      </if>
      <if test="isforget != null">
        #{isforget,jdbcType=INTEGER},
      </if>
      <if test="applyInstituion != null">
        #{applyInstituion,jdbcType=VARCHAR},
      </if>
      <if test="class != null">
        #{class,jdbcType=VARCHAR},
      </if>
      <if test="isenable != null">
        #{isenable,jdbcType=INTEGER},
      </if>
      <if test="applydate != null">
        #{applydate,jdbcType=DATE},
      </if>
      <if test="isallergic != null">
        #{isallergic,jdbcType=INTEGER},
      </if>
      <if test="isphoneVerified != null">
        #{isphoneVerified,jdbcType=INTEGER},
      </if>
      <if test="phoneVeriStr != null">
        #{phoneVeriStr,jdbcType=VARCHAR},
      </if>
      <if test="phoneTextCd != null">
        #{phoneTextCd,jdbcType=TIMESTAMP},
      </if>
      <if test="medicHistory != null">
        #{medicHistory,jdbcType=LONGNVARCHAR},
      </if>
    </trim>
  </insert>
  <select id="countByExample" parameterType="tw.gov.ndc.emsg.mydata.entity.AccountExample" resultType="java.lang.Long">
    <!--
      WARNING - @mbg.generated
      This element is automatically generated by MyBatis Generator, do not modify.
      This element was generated on Thu Sep 21 13:52:19 CST 2017.
    -->
    select count(*) from account
    <if test="_parameter != null">
      <include refid="Example_Where_Clause" />
    </if>
  </select>
  <update id="updateByExampleSelective" parameterType="map">
    <!--
      WARNING - @mbg.generated
      This element is automatically generated by MyBatis Generator, do not modify.
      This element was generated on Thu Sep 21 13:52:19 CST 2017.
    -->
    update account
    <set>
      <if test="record.accountId != null">
        account_id = #{record.accountId,jdbcType=CHAR},
      </if>
      <if test="record.loginId != null">
        login_id = #{record.loginId,jdbcType=VARCHAR},
      </if>
      <if test="record.loginPw != null">
        login_pw = #{record.loginPw,jdbcType=VARCHAR},
      </if>
      <if test="record.phoneNumber != null">
        phone_number = #{record.phoneNumber,jdbcType=VARCHAR},
      </if>
      <if test="record.role != null">
        role = #{record.role,jdbcType=VARCHAR},
      </if>
      <if test="record.name != null">
        name = #{record.name,jdbcType=VARCHAR},
      </if>
      <if test="record.pid != null">
        pid = #{record.pid,jdbcType=VARCHAR},
      </if>
      <if test="record.medicNum != null">
        medic_num = #{record.medicNum,jdbcType=VARCHAR},
      </if>
      <if test="record.gender != null">
        gender = #{record.gender,jdbcType=VARCHAR},
      </if>
      <if test="record.birthday != null">
        birthday = #{record.birthday,jdbcType=DATE},
      </if>
      <if test="record.height != null">
        height = #{record.height,jdbcType=DOUBLE},
      </if>
      <if test="record.weight != null">
        weight = #{record.weight,jdbcType=DOUBLE},
      </if>
      <if test="record.priority != null">
        priority = #{record.priority,jdbcType=INTEGER},
      </if>
      <if test="record.lastChangedTime != null">
        last_changed_time = #{record.lastChangedTime,jdbcType=TIMESTAMP},
      </if>
      <if test="record.iserr != null">
        iserr = #{record.iserr,jdbcType=INTEGER},
      </if>
      <if test="record.hasNewMessage != null">
        has_new_message = #{record.hasNewMessage,jdbcType=INTEGER},
      </if>
      <if test="record.phoneNumber2 != null">
        phone_number2 = #{record.phoneNumber2,jdbcType=VARCHAR},
      </if>
      <if test="record.email != null">
        email = #{record.email,jdbcType=VARCHAR},
      </if>
      <if test="record.address != null">
        address = #{record.address,jdbcType=VARCHAR},
      </if>
      <if test="record.address2 != null">
        address2 = #{record.address2,jdbcType=VARCHAR},
      </if>
      <if test="record.isalone != null">
        isalone = #{record.isalone,jdbcType=INTEGER},
      </if>
      <if test="record.iscandy != null">
        iscandy = #{record.iscandy,jdbcType=INTEGER},
      </if>
      <if test="record.ishighbp != null">
        ishighbp = #{record.ishighbp,jdbcType=INTEGER},
      </if>
      <if test="record.isfar != null">
        isfar = #{record.isfar,jdbcType=INTEGER},
      </if>
      <if test="record.isforget != null">
        isforget = #{record.isforget,jdbcType=INTEGER},
      </if>
      <if test="record.applyInstituion != null">
        apply_instituion = #{record.applyInstituion,jdbcType=VARCHAR},
      </if>
      <if test="record.class != null">
        class = #{record.class,jdbcType=VARCHAR},
      </if>
      <if test="record.isenable != null">
        isenable = #{record.isenable,jdbcType=INTEGER},
      </if>
      <if test="record.applydate != null">
        applydate = #{record.applydate,jdbcType=DATE},
      </if>
      <if test="record.isallergic != null">
        isallergic = #{record.isallergic,jdbcType=INTEGER},
      </if>
      <if test="record.isphoneVerified != null">
        isphone_verified = #{record.isphoneVerified,jdbcType=INTEGER},
      </if>
      <if test="record.phoneVeriStr != null">
        phone_veri_str = #{record.phoneVeriStr,jdbcType=VARCHAR},
      </if>
      <if test="record.phoneTextCd != null">
        phone_text_cd = #{record.phoneTextCd,jdbcType=TIMESTAMP},
      </if>
      <if test="record.medicHistory != null">
        medic_history = #{record.medicHistory,jdbcType=LONGNVARCHAR},
      </if>
    </set>
    <if test="_parameter != null">
      <include refid="Update_By_Example_Where_Clause" />
    </if>
  </update>
  <update id="updateByExampleWithBLOBs" parameterType="map">
    <!--
      WARNING - @mbg.generated
      This element is automatically generated by MyBatis Generator, do not modify.
      This element was generated on Thu Sep 21 13:52:19 CST 2017.
    -->
    update account
    set account_id = #{record.accountId,jdbcType=CHAR},
      login_id = #{record.loginId,jdbcType=VARCHAR},
      login_pw = #{record.loginPw,jdbcType=VARCHAR},
      phone_number = #{record.phoneNumber,jdbcType=VARCHAR},
      role = #{record.role,jdbcType=VARCHAR},
      name = #{record.name,jdbcType=VARCHAR},
      pid = #{record.pid,jdbcType=VARCHAR},
      medic_num = #{record.medicNum,jdbcType=VARCHAR},
      gender = #{record.gender,jdbcType=VARCHAR},
      birthday = #{record.birthday,jdbcType=DATE},
      height = #{record.height,jdbcType=DOUBLE},
      weight = #{record.weight,jdbcType=DOUBLE},
      priority = #{record.priority,jdbcType=INTEGER},
      last_changed_time = #{record.lastChangedTime,jdbcType=TIMESTAMP},
      iserr = #{record.iserr,jdbcType=INTEGER},
      has_new_message = #{record.hasNewMessage,jdbcType=INTEGER},
      phone_number2 = #{record.phoneNumber2,jdbcType=VARCHAR},
      email = #{record.email,jdbcType=VARCHAR},
      address = #{record.address,jdbcType=VARCHAR},
      address2 = #{record.address2,jdbcType=VARCHAR},
      isalone = #{record.isalone,jdbcType=INTEGER},
      iscandy = #{record.iscandy,jdbcType=INTEGER},
      ishighbp = #{record.ishighbp,jdbcType=INTEGER},
      isfar = #{record.isfar,jdbcType=INTEGER},
      isforget = #{record.isforget,jdbcType=INTEGER},
      apply_instituion = #{record.applyInstituion,jdbcType=VARCHAR},
      class = #{record.class,jdbcType=VARCHAR},
      isenable = #{record.isenable,jdbcType=INTEGER},
      applydate = #{record.applydate,jdbcType=DATE},
      isallergic = #{record.isallergic,jdbcType=INTEGER},
      isphone_verified = #{record.isphoneVerified,jdbcType=INTEGER},
      phone_veri_str = #{record.phoneVeriStr,jdbcType=VARCHAR},
      phone_text_cd = #{record.phoneTextCd,jdbcType=TIMESTAMP},
      medic_history = #{record.medicHistory,jdbcType=LONGNVARCHAR}
    <if test="_parameter != null">
      <include refid="Update_By_Example_Where_Clause" />
    </if>
  </update>
  <update id="updateByExample" parameterType="map">
    <!--
      WARNING - @mbg.generated
      This element is automatically generated by MyBatis Generator, do not modify.
      This element was generated on Thu Sep 21 13:52:19 CST 2017.
    -->
    update account
    set account_id = #{record.accountId,jdbcType=CHAR},
      login_id = #{record.loginId,jdbcType=VARCHAR},
      login_pw = #{record.loginPw,jdbcType=VARCHAR},
      phone_number = #{record.phoneNumber,jdbcType=VARCHAR},
      role = #{record.role,jdbcType=VARCHAR},
      name = #{record.name,jdbcType=VARCHAR},
      pid = #{record.pid,jdbcType=VARCHAR},
      medic_num = #{record.medicNum,jdbcType=VARCHAR},
      gender = #{record.gender,jdbcType=VARCHAR},
      birthday = #{record.birthday,jdbcType=DATE},
      height = #{record.height,jdbcType=DOUBLE},
      weight = #{record.weight,jdbcType=DOUBLE},
      priority = #{record.priority,jdbcType=INTEGER},
      last_changed_time = #{record.lastChangedTime,jdbcType=TIMESTAMP},
      iserr = #{record.iserr,jdbcType=INTEGER},
      has_new_message = #{record.hasNewMessage,jdbcType=INTEGER},
      phone_number2 = #{record.phoneNumber2,jdbcType=VARCHAR},
      email = #{record.email,jdbcType=VARCHAR},
      address = #{record.address,jdbcType=VARCHAR},
      address2 = #{record.address2,jdbcType=VARCHAR},
      isalone = #{record.isalone,jdbcType=INTEGER},
      iscandy = #{record.iscandy,jdbcType=INTEGER},
      ishighbp = #{record.ishighbp,jdbcType=INTEGER},
      isfar = #{record.isfar,jdbcType=INTEGER},
      isforget = #{record.isforget,jdbcType=INTEGER},
      apply_instituion = #{record.applyInstituion,jdbcType=VARCHAR},
      class = #{record.class,jdbcType=VARCHAR},
      isenable = #{record.isenable,jdbcType=INTEGER},
      applydate = #{record.applydate,jdbcType=DATE},
      isallergic = #{record.isallergic,jdbcType=INTEGER},
      isphone_verified = #{record.isphoneVerified,jdbcType=INTEGER},
      phone_veri_str = #{record.phoneVeriStr,jdbcType=VARCHAR},
      phone_text_cd = #{record.phoneTextCd,jdbcType=TIMESTAMP}
    <if test="_parameter != null">
      <include refid="Update_By_Example_Where_Clause" />
    </if>
  </update>
  <update id="updateByPrimaryKeySelective" parameterType="tw.gov.ndc.emsg.mydata.entity.Account">
    <!--
      WARNING - @mbg.generated
      This element is automatically generated by MyBatis Generator, do not modify.
      This element was generated on Thu Sep 21 13:52:19 CST 2017.
    -->
    update account
    <set>
      <if test="loginId != null">
        login_id = #{loginId,jdbcType=VARCHAR},
      </if>
      <if test="loginPw != null">
        login_pw = #{loginPw,jdbcType=VARCHAR},
      </if>
      <if test="phoneNumber != null">
        phone_number = #{phoneNumber,jdbcType=VARCHAR},
      </if>
      <if test="role != null">
        role = #{role,jdbcType=VARCHAR},
      </if>
      <if test="name != null">
        name = #{name,jdbcType=VARCHAR},
      </if>
      <if test="pid != null">
        pid = #{pid,jdbcType=VARCHAR},
      </if>
      <if test="medicNum != null">
        medic_num = #{medicNum,jdbcType=VARCHAR},
      </if>
      <if test="gender != null">
        gender = #{gender,jdbcType=VARCHAR},
      </if>
      <if test="birthday != null">
        birthday = #{birthday,jdbcType=DATE},
      </if>
      <if test="height != null">
        height = #{height,jdbcType=DOUBLE},
      </if>
      <if test="weight != null">
        weight = #{weight,jdbcType=DOUBLE},
      </if>
      <if test="priority != null">
        priority = #{priority,jdbcType=INTEGER},
      </if>
      <if test="lastChangedTime != null">
        last_changed_time = #{lastChangedTime,jdbcType=TIMESTAMP},
      </if>
      <if test="iserr != null">
        iserr = #{iserr,jdbcType=INTEGER},
      </if>
      <if test="hasNewMessage != null">
        has_new_message = #{hasNewMessage,jdbcType=INTEGER},
      </if>
      <if test="phoneNumber2 != null">
        phone_number2 = #{phoneNumber2,jdbcType=VARCHAR},
      </if>
      <if test="email != null">
        email = #{email,jdbcType=VARCHAR},
      </if>
      <if test="address != null">
        address = #{address,jdbcType=VARCHAR},
      </if>
      <if test="address2 != null">
        address2 = #{address2,jdbcType=VARCHAR},
      </if>
      <if test="isalone != null">
        isalone = #{isalone,jdbcType=INTEGER},
      </if>
      <if test="iscandy != null">
        iscandy = #{iscandy,jdbcType=INTEGER},
      </if>
      <if test="ishighbp != null">
        ishighbp = #{ishighbp,jdbcType=INTEGER},
      </if>
      <if test="isfar != null">
        isfar = #{isfar,jdbcType=INTEGER},
      </if>
      <if test="isforget != null">
        isforget = #{isforget,jdbcType=INTEGER},
      </if>
      <if test="applyInstituion != null">
        apply_instituion = #{applyInstituion,jdbcType=VARCHAR},
      </if>
      <if test="class != null">
        class = #{class,jdbcType=VARCHAR},
      </if>
      <if test="isenable != null">
        isenable = #{isenable,jdbcType=INTEGER},
      </if>
      <if test="applydate != null">
        applydate = #{applydate,jdbcType=DATE},
      </if>
      <if test="isallergic != null">
        isallergic = #{isallergic,jdbcType=INTEGER},
      </if>
      <if test="isphoneVerified != null">
        isphone_verified = #{isphoneVerified,jdbcType=INTEGER},
      </if>
      <if test="phoneVeriStr != null">
        phone_veri_str = #{phoneVeriStr,jdbcType=VARCHAR},
      </if>
      <if test="phoneTextCd != null">
        phone_text_cd = #{phoneTextCd,jdbcType=TIMESTAMP},
      </if>
      <if test="medicHistory != null">
        medic_history = #{medicHistory,jdbcType=LONGNVARCHAR},
      </if>
    </set>
    where account_id = #{accountId,jdbcType=CHAR}
  </update>
  <update id="updateByPrimaryKeyWithBLOBs" parameterType="tw.gov.ndc.emsg.mydata.entity.Account">
    <!--
      WARNING - @mbg.generated
      This element is automatically generated by MyBatis Generator, do not modify.
      This element was generated on Thu Sep 21 13:52:19 CST 2017.
    -->
    update account
    set login_id = #{loginId,jdbcType=VARCHAR},
      login_pw = #{loginPw,jdbcType=VARCHAR},
      phone_number = #{phoneNumber,jdbcType=VARCHAR},
      role = #{role,jdbcType=VARCHAR},
      name = #{name,jdbcType=VARCHAR},
      pid = #{pid,jdbcType=VARCHAR},
      medic_num = #{medicNum,jdbcType=VARCHAR},
      gender = #{gender,jdbcType=VARCHAR},
      birthday = #{birthday,jdbcType=DATE},
      height = #{height,jdbcType=DOUBLE},
      weight = #{weight,jdbcType=DOUBLE},
      priority = #{priority,jdbcType=INTEGER},
      last_changed_time = #{lastChangedTime,jdbcType=TIMESTAMP},
      iserr = #{iserr,jdbcType=INTEGER},
      has_new_message = #{hasNewMessage,jdbcType=INTEGER},
      phone_number2 = #{phoneNumber2,jdbcType=VARCHAR},
      email = #{email,jdbcType=VARCHAR},
      address = #{address,jdbcType=VARCHAR},
      address2 = #{address2,jdbcType=VARCHAR},
      isalone = #{isalone,jdbcType=INTEGER},
      iscandy = #{iscandy,jdbcType=INTEGER},
      ishighbp = #{ishighbp,jdbcType=INTEGER},
      isfar = #{isfar,jdbcType=INTEGER},
      isforget = #{isforget,jdbcType=INTEGER},
      apply_instituion = #{applyInstituion,jdbcType=VARCHAR},
      class = #{class,jdbcType=VARCHAR},
      isenable = #{isenable,jdbcType=INTEGER},
      applydate = #{applydate,jdbcType=DATE},
      isallergic = #{isallergic,jdbcType=INTEGER},
      isphone_verified = #{isphoneVerified,jdbcType=INTEGER},
      phone_veri_str = #{phoneVeriStr,jdbcType=VARCHAR},
      phone_text_cd = #{phoneTextCd,jdbcType=TIMESTAMP},
      medic_history = #{medicHistory,jdbcType=LONGNVARCHAR}
    where account_id = #{accountId,jdbcType=CHAR}
  </update>
  <update id="updateByPrimaryKey" parameterType="tw.gov.ndc.emsg.mydata.entity.Account">
    <!--
      WARNING - @mbg.generated
      This element is automatically generated by MyBatis Generator, do not modify.
      This element was generated on Thu Sep 21 13:52:19 CST 2017.
    -->
    update account
    set login_id = #{loginId,jdbcType=VARCHAR},
      login_pw = #{loginPw,jdbcType=VARCHAR},
      phone_number = #{phoneNumber,jdbcType=VARCHAR},
      role = #{role,jdbcType=VARCHAR},
      name = #{name,jdbcType=VARCHAR},
      pid = #{pid,jdbcType=VARCHAR},
      medic_num = #{medicNum,jdbcType=VARCHAR},
      gender = #{gender,jdbcType=VARCHAR},
      birthday = #{birthday,jdbcType=DATE},
      height = #{height,jdbcType=DOUBLE},
      weight = #{weight,jdbcType=DOUBLE},
      priority = #{priority,jdbcType=INTEGER},
      last_changed_time = #{lastChangedTime,jdbcType=TIMESTAMP},
      iserr = #{iserr,jdbcType=INTEGER},
      has_new_message = #{hasNewMessage,jdbcType=INTEGER},
      phone_number2 = #{phoneNumber2,jdbcType=VARCHAR},
      email = #{email,jdbcType=VARCHAR},
      address = #{address,jdbcType=VARCHAR},
      address2 = #{address2,jdbcType=VARCHAR},
      isalone = #{isalone,jdbcType=INTEGER},
      iscandy = #{iscandy,jdbcType=INTEGER},
      ishighbp = #{ishighbp,jdbcType=INTEGER},
      isfar = #{isfar,jdbcType=INTEGER},
      isforget = #{isforget,jdbcType=INTEGER},
      apply_instituion = #{applyInstituion,jdbcType=VARCHAR},
      class = #{class,jdbcType=VARCHAR},
      isenable = #{isenable,jdbcType=INTEGER},
      applydate = #{applydate,jdbcType=DATE},
      isallergic = #{isallergic,jdbcType=INTEGER},
      isphone_verified = #{isphoneVerified,jdbcType=INTEGER},
      phone_veri_str = #{phoneVeriStr,jdbcType=VARCHAR},
      phone_text_cd = #{phoneTextCd,jdbcType=TIMESTAMP}
    where account_id = #{accountId,jdbcType=CHAR}
  </update>
  <select id="selectByExampleWithBLOBsWithRowbounds" parameterType="tw.gov.ndc.emsg.mydata.entity.AccountExample" resultMap="ResultMapWithBLOBs">
    <!--
      WARNING - @mbg.generated
      This element is automatically generated by MyBatis Generator, do not modify.
      This element was generated on Thu Sep 21 13:52:19 CST 2017.
    -->
    select
    <if test="distinct">
      distinct
    </if>
    <include refid="Base_Column_List" />
    ,
    <include refid="Blob_Column_List" />
    from account
    <if test="_parameter != null">
      <include refid="Example_Where_Clause" />
    </if>
    <if test="orderByClause != null">
      order by ${orderByClause}
    </if>
  </select>
  <select id="selectByExampleWithRowbounds" parameterType="tw.gov.ndc.emsg.mydata.entity.AccountExample" resultMap="BaseResultMap">
    <!--
      WARNING - @mbg.generated
      This element is automatically generated by MyBatis Generator, do not modify.
      This element was generated on Thu Sep 21 13:52:19 CST 2017.
    -->
    select
    <if test="distinct">
      distinct
    </if>
    <include refid="Base_Column_List" />
    from account
    <if test="_parameter != null">
      <include refid="Example_Where_Clause" />
    </if>
    <if test="orderByClause != null">
      order by ${orderByClause}
    </if>
  </select>
</mapper>