<?xml version="1.0" encoding="UTF-8"?>
<!DOCTYPE mapper PUBLIC "-//mybatis.org//DTD Mapper 3.0//EN" "http://mybatis.org/dtd/mybatis-3-mapper.dtd">
<mapper namespace="tw.gov.ndc.emsg.mydata.mapper.GrowthMapper">
  <resultMap id="BaseResultMap" type="tw.gov.ndc.emsg.mydata.entity.Growth">
    <!--
      WARNING - @mbg.generated
      This element is automatically generated by MyBatis Generator, do not modify.
      This element was generated on Wed Sep 27 13:28:44 CST 2017.
    -->
    <id column="gid" jdbcType="VARCHAR" property="gid" />
    <result column="cid" jdbcType="VARCHAR" property="cid" />
    <result column="pid" jdbcType="VARCHAR" property="pid" />
    <result column="parent_pid" jdbcType="VARCHAR" property="parentPid" />
    <result column="height" jdbcType="DOUBLE" property="height" />
    <result column="weight" jdbcType="DOUBLE" property="weight" />
    <result column="head_circumference" jdbcType="DOUBLE" property="headCircumference" />
    <result column="education_information" jdbcType="NVARCHAR" property="educationInformation" />
    <result column="ctime" jdbcType="TIMESTAMP" property="ctime" />
    <result column="can_change" jdbcType="INTEGER" property="canChange" />
  </resultMap>
  <sql id="Example_Where_Clause">
    <!--
      WARNING - @mbg.generated
      This element is automatically generated by MyBatis Generator, do not modify.
      This element was generated on Wed Sep 27 13:28:44 CST 2017.
    -->
    <where>
      <foreach collection="oredCriteria" item="criteria" separator="or">
        <if test="criteria.valid">
          <trim prefix="(" prefixOverrides="and" suffix=")">
            <foreach collection="criteria.criteria" item="criterion">
              <choose>
                <when test="criterion.noValue">
                  and ${criterion.condition}
                </when>
                <when test="criterion.singleValue">
                  and ${criterion.condition} #{criterion.value}
                </when>
                <when test="criterion.betweenValue">
                  and ${criterion.condition} #{criterion.value} and #{criterion.secondValue}
                </when>
                <when test="criterion.listValue">
                  and ${criterion.condition}
                  <foreach close=")" collection="criterion.value" item="listItem" open="(" separator=",">
                    #{listItem}
                  </foreach>
                </when>
              </choose>
            </foreach>
          </trim>
        </if>
      </foreach>
    </where>
  </sql>
  <sql id="Update_By_Example_Where_Clause">
    <!--
      WARNING - @mbg.generated
      This element is automatically generated by MyBatis Generator, do not modify.
      This element was generated on Wed Sep 27 13:28:44 CST 2017.
    -->
    <where>
      <foreach collection="example.oredCriteria" item="criteria" separator="or">
        <if test="criteria.valid">
          <trim prefix="(" prefixOverrides="and" suffix=")">
            <foreach collection="criteria.criteria" item="criterion">
              <choose>
                <when test="criterion.noValue">
                  and ${criterion.condition}
                </when>
                <when test="criterion.singleValue">
                  and ${criterion.condition} #{criterion.value}
                </when>
                <when test="criterion.betweenValue">
                  and ${criterion.condition} #{criterion.value} and #{criterion.secondValue}
                </when>
                <when test="criterion.listValue">
                  and ${criterion.condition}
                  <foreach close=")" collection="criterion.value" item="listItem" open="(" separator=",">
                    #{listItem}
                  </foreach>
                </when>
              </choose>
            </foreach>
          </trim>
        </if>
      </foreach>
    </where>
  </sql>
  <sql id="Base_Column_List">
    <!--
      WARNING - @mbg.generated
      This element is automatically generated by MyBatis Generator, do not modify.
      This element was generated on Wed Sep 27 13:28:44 CST 2017.
    -->
    gid, cid, pid, parent_pid, height, weight, head_circumference, education_information, 
    ctime, can_change
  </sql>
  <select id="selectByExample" parameterType="tw.gov.ndc.emsg.mydata.entity.GrowthExample" resultMap="BaseResultMap">
    <!--
      WARNING - @mbg.generated
      This element is automatically generated by MyBatis Generator, do not modify.
      This element was generated on Wed Sep 27 13:28:44 CST 2017.
    -->
    select
    <if test="distinct">
      distinct
    </if>
    <include refid="Base_Column_List" />
    from growth
    <if test="_parameter != null">
      <include refid="Example_Where_Clause" />
    </if>
    <if test="orderByClause != null">
      order by ${orderByClause}
    </if>
  </select>
  <select id="selectByPrimaryKey" parameterType="java.lang.String" resultMap="BaseResultMap">
    <!--
      WARNING - @mbg.generated
      This element is automatically generated by MyBatis Generator, do not modify.
      This element was generated on Wed Sep 27 13:28:44 CST 2017.
    -->
    select 
    <include refid="Base_Column_List" />
    from growth
    where gid = #{gid,jdbcType=VARCHAR}
  </select>
  <delete id="deleteByPrimaryKey" parameterType="java.lang.String">
    <!--
      WARNING - @mbg.generated
      This element is automatically generated by MyBatis Generator, do not modify.
      This element was generated on Wed Sep 27 13:28:44 CST 2017.
    -->
    delete from growth
    where gid = #{gid,jdbcType=VARCHAR}
  </delete>
  <delete id="deleteByExample" parameterType="tw.gov.ndc.emsg.mydata.entity.GrowthExample">
    <!--
      WARNING - @mbg.generated
      This element is automatically generated by MyBatis Generator, do not modify.
      This element was generated on Wed Sep 27 13:28:44 CST 2017.
    -->
    delete from growth
    <if test="_parameter != null">
      <include refid="Example_Where_Clause" />
    </if>
  </delete>
  <insert id="insert" parameterType="tw.gov.ndc.emsg.mydata.entity.Growth">
    <!--
      WARNING - @mbg.generated
      This element is automatically generated by MyBatis Generator, do not modify.
      This element was generated on Wed Sep 27 13:28:44 CST 2017.
    -->
    insert into growth (gid, cid, pid, 
      parent_pid, height, weight, 
      head_circumference, education_information, 
      ctime, can_change)
    values (#{gid,jdbcType=VARCHAR}, #{cid,jdbcType=VARCHAR}, #{pid,jdbcType=VARCHAR}, 
      #{parentPid,jdbcType=VARCHAR}, #{height,jdbcType=DOUBLE}, #{weight,jdbcType=DOUBLE}, 
      #{headCircumference,jdbcType=DOUBLE}, #{educationInformation,jdbcType=NVARCHAR}, 
      #{ctime,jdbcType=TIMESTAMP}, #{canChange,jdbcType=INTEGER})
  </insert>
  <insert id="insertSelective" parameterType="tw.gov.ndc.emsg.mydata.entity.Growth">
    <!--
      WARNING - @mbg.generated
      This element is automatically generated by MyBatis Generator, do not modify.
      This element was generated on Wed Sep 27 13:28:44 CST 2017.
    -->
    insert into growth
    <trim prefix="(" suffix=")" suffixOverrides=",">
      <if test="gid != null">
        gid,
      </if>
      <if test="cid != null">
        cid,
      </if>
      <if test="pid != null">
        pid,
      </if>
      <if test="parentPid != null">
        parent_pid,
      </if>
      <if test="height != null">
        height,
      </if>
      <if test="weight != null">
        weight,
      </if>
      <if test="headCircumference != null">
        head_circumference,
      </if>
      <if test="educationInformation != null">
        education_information,
      </if>
      <if test="ctime != null">
        ctime,
      </if>
      <if test="canChange != null">
        can_change,
      </if>
    </trim>
    <trim prefix="values (" suffix=")" suffixOverrides=",">
      <if test="gid != null">
        #{gid,jdbcType=VARCHAR},
      </if>
      <if test="cid != null">
        #{cid,jdbcType=VARCHAR},
      </if>
      <if test="pid != null">
        #{pid,jdbcType=VARCHAR},
      </if>
      <if test="parentPid != null">
        #{parentPid,jdbcType=VARCHAR},
      </if>
      <if test="height != null">
        #{height,jdbcType=DOUBLE},
      </if>
      <if test="weight != null">
        #{weight,jdbcType=DOUBLE},
      </if>
      <if test="headCircumference != null">
        #{headCircumference,jdbcType=DOUBLE},
      </if>
      <if test="educationInformation != null">
        #{educationInformation,jdbcType=NVARCHAR},
      </if>
      <if test="ctime != null">
        #{ctime,jdbcType=TIMESTAMP},
      </if>
      <if test="canChange != null">
        #{canChange,jdbcType=INTEGER},
      </if>
    </trim>
  </insert>
  <select id="countByExample" parameterType="tw.gov.ndc.emsg.mydata.entity.GrowthExample" resultType="java.lang.Long">
    <!--
      WARNING - @mbg.generated
      This element is automatically generated by MyBatis Generator, do not modify.
      This element was generated on Wed Sep 27 13:28:44 CST 2017.
    -->
    select count(*) from growth
    <if test="_parameter != null">
      <include refid="Example_Where_Clause" />
    </if>
  </select>
  <update id="updateByExampleSelective" parameterType="map">
    <!--
      WARNING - @mbg.generated
      This element is automatically generated by MyBatis Generator, do not modify.
      This element was generated on Wed Sep 27 13:28:44 CST 2017.
    -->
    update growth
    <set>
      <if test="record.gid != null">
        gid = #{record.gid,jdbcType=VARCHAR},
      </if>
      <if test="record.cid != null">
        cid = #{record.cid,jdbcType=VARCHAR},
      </if>
      <if test="record.pid != null">
        pid = #{record.pid,jdbcType=VARCHAR},
      </if>
      <if test="record.parentPid != null">
        parent_pid = #{record.parentPid,jdbcType=VARCHAR},
      </if>
      <if test="record.height != null">
        height = #{record.height,jdbcType=DOUBLE},
      </if>
      <if test="record.weight != null">
        weight = #{record.weight,jdbcType=DOUBLE},
      </if>
      <if test="record.headCircumference != null">
        head_circumference = #{record.headCircumference,jdbcType=DOUBLE},
      </if>
      <if test="record.educationInformation != null">
        education_information = #{record.educationInformation,jdbcType=NVARCHAR},
      </if>
      <if test="record.ctime != null">
        ctime = #{record.ctime,jdbcType=TIMESTAMP},
      </if>
      <if test="record.canChange != null">
        can_change = #{record.canChange,jdbcType=INTEGER},
      </if>
    </set>
    <if test="_parameter != null">
      <include refid="Update_By_Example_Where_Clause" />
    </if>
  </update>
  <update id="updateByExample" parameterType="map">
    <!--
      WARNING - @mbg.generated
      This element is automatically generated by MyBatis Generator, do not modify.
      This element was generated on Wed Sep 27 13:28:44 CST 2017.
    -->
    update growth
    set gid = #{record.gid,jdbcType=VARCHAR},
      cid = #{record.cid,jdbcType=VARCHAR},
      pid = #{record.pid,jdbcType=VARCHAR},
      parent_pid = #{record.parentPid,jdbcType=VARCHAR},
      height = #{record.height,jdbcType=DOUBLE},
      weight = #{record.weight,jdbcType=DOUBLE},
      head_circumference = #{record.headCircumference,jdbcType=DOUBLE},
      education_information = #{record.educationInformation,jdbcType=NVARCHAR},
      ctime = #{record.ctime,jdbcType=TIMESTAMP},
      can_change = #{record.canChange,jdbcType=INTEGER}
    <if test="_parameter != null">
      <include refid="Update_By_Example_Where_Clause" />
    </if>
  </update>
  <update id="updateByPrimaryKeySelective" parameterType="tw.gov.ndc.emsg.mydata.entity.Growth">
    <!--
      WARNING - @mbg.generated
      This element is automatically generated by MyBatis Generator, do not modify.
      This element was generated on Wed Sep 27 13:28:44 CST 2017.
    -->
    update growth
    <set>
      <if test="cid != null">
        cid = #{cid,jdbcType=VARCHAR},
      </if>
      <if test="pid != null">
        pid = #{pid,jdbcType=VARCHAR},
      </if>
      <if test="parentPid != null">
        parent_pid = #{parentPid,jdbcType=VARCHAR},
      </if>
      <if test="height != null">
        height = #{height,jdbcType=DOUBLE},
      </if>
      <if test="weight != null">
        weight = #{weight,jdbcType=DOUBLE},
      </if>
      <if test="headCircumference != null">
        head_circumference = #{headCircumference,jdbcType=DOUBLE},
      </if>
      <if test="educationInformation != null">
        education_information = #{educationInformation,jdbcType=NVARCHAR},
      </if>
      <if test="ctime != null">
        ctime = #{ctime,jdbcType=TIMESTAMP},
      </if>
      <if test="canChange != null">
        can_change = #{canChange,jdbcType=INTEGER},
      </if>
    </set>
    where gid = #{gid,jdbcType=VARCHAR}
  </update>
  <update id="updateByPrimaryKey" parameterType="tw.gov.ndc.emsg.mydata.entity.Growth">
    <!--
      WARNING - @mbg.generated
      This element is automatically generated by MyBatis Generator, do not modify.
      This element was generated on Wed Sep 27 13:28:44 CST 2017.
    -->
    update growth
    set cid = #{cid,jdbcType=VARCHAR},
      pid = #{pid,jdbcType=VARCHAR},
      parent_pid = #{parentPid,jdbcType=VARCHAR},
      height = #{height,jdbcType=DOUBLE},
      weight = #{weight,jdbcType=DOUBLE},
      head_circumference = #{headCircumference,jdbcType=DOUBLE},
      education_information = #{educationInformation,jdbcType=NVARCHAR},
      ctime = #{ctime,jdbcType=TIMESTAMP},
      can_change = #{canChange,jdbcType=INTEGER}
    where gid = #{gid,jdbcType=VARCHAR}
  </update>
  <select id="selectByExampleWithRowbounds" parameterType="tw.gov.ndc.emsg.mydata.entity.GrowthExample" resultMap="BaseResultMap">
    <!--
      WARNING - @mbg.generated
      This element is automatically generated by MyBatis Generator, do not modify.
      This element was generated on Wed Sep 27 13:28:44 CST 2017.
    -->
    select
    <if test="distinct">
      distinct
    </if>
    <include refid="Base_Column_List" />
    from growth
    <if test="_parameter != null">
      <include refid="Example_Where_Clause" />
    </if>
    <if test="orderByClause != null">
      order by ${orderByClause}
    </if>
  </select>
</mapper>