<?xml version="1.0" encoding="UTF-8"?>
<!DOCTYPE mapper PUBLIC "-//mybatis.org//DTD Mapper 3.0//EN" "http://mybatis.org/dtd/mybatis-3-mapper.dtd">
<mapper namespace="tw.gov.ndc.emsg.mydata.mapper.PrenatalCareMapper">
  <resultMap id="BaseResultMap" type="tw.gov.ndc.emsg.mydata.entity.PrenatalCare">
    <!--
      WARNING - @mbg.generated
      This element is automatically generated by MyBatis Generator, do not modify.
      This element was generated on Wed Sep 27 13:28:44 CST 2017.
    -->
    <id column="pcid" jdbcType="VARCHAR" property="pcid" />
    <result column="pid" jdbcType="VARCHAR" property="pid" />
    <result column="count" jdbcType="INTEGER" property="count" />
    <result column="doctor" jdbcType="NVARCHAR" property="doctor" />
    <result column="inspection_institutions" jdbcType="NVARCHAR" property="inspectionInstitutions" />
    <result column="ctime" jdbcType="TIMESTAMP" property="ctime" />
    <result column="height" jdbcType="INTEGER" property="height" />
    <result column="systolic_blood_pressure" jdbcType="INTEGER" property="systolicBloodPressure" />
    <result column="diastolic_blood_pressure" jdbcType="INTEGER" property="diastolicBloodPressure" />
    <result column="fetal_heart_sounds" jdbcType="INTEGER" property="fetalHeartSounds" />
    <result column="urine_sugar" jdbcType="INTEGER" property="urineSugar" />
    <result column="edema" jdbcType="INTEGER" property="edema" />
    <result column="weight" jdbcType="INTEGER" property="weight" />
    <result column="bottom_uterus_heigth" jdbcType="INTEGER" property="bottomUterusHeigth" />
    <result column="fetal_position" jdbcType="INTEGER" property="fetalPosition" />
    <result column="urine_protein" jdbcType="INTEGER" property="urineProtein" />
    <result column="varicose_veins" jdbcType="INTEGER" property="varicoseVeins" />
    <result column="physician_exhort" jdbcType="NVARCHAR" property="physicianExhort" />
  </resultMap>
  <sql id="Example_Where_Clause">
    <!--
      WARNING - @mbg.generated
      This element is automatically generated by MyBatis Generator, do not modify.
      This element was generated on Wed Sep 27 13:28:44 CST 2017.
    -->
    <where>
      <foreach collection="oredCriteria" item="criteria" separator="or">
        <if test="criteria.valid">
          <trim prefix="(" prefixOverrides="and" suffix=")">
            <foreach collection="criteria.criteria" item="criterion">
              <choose>
                <when test="criterion.noValue">
                  and ${criterion.condition}
                </when>
                <when test="criterion.singleValue">
                  and ${criterion.condition} #{criterion.value}
                </when>
                <when test="criterion.betweenValue">
                  and ${criterion.condition} #{criterion.value} and #{criterion.secondValue}
                </when>
                <when test="criterion.listValue">
                  and ${criterion.condition}
                  <foreach close=")" collection="criterion.value" item="listItem" open="(" separator=",">
                    #{listItem}
                  </foreach>
                </when>
              </choose>
            </foreach>
          </trim>
        </if>
      </foreach>
    </where>
  </sql>
  <sql id="Update_By_Example_Where_Clause">
    <!--
      WARNING - @mbg.generated
      This element is automatically generated by MyBatis Generator, do not modify.
      This element was generated on Wed Sep 27 13:28:44 CST 2017.
    -->
    <where>
      <foreach collection="example.oredCriteria" item="criteria" separator="or">
        <if test="criteria.valid">
          <trim prefix="(" prefixOverrides="and" suffix=")">
            <foreach collection="criteria.criteria" item="criterion">
              <choose>
                <when test="criterion.noValue">
                  and ${criterion.condition}
                </when>
                <when test="criterion.singleValue">
                  and ${criterion.condition} #{criterion.value}
                </when>
                <when test="criterion.betweenValue">
                  and ${criterion.condition} #{criterion.value} and #{criterion.secondValue}
                </when>
                <when test="criterion.listValue">
                  and ${criterion.condition}
                  <foreach close=")" collection="criterion.value" item="listItem" open="(" separator=",">
                    #{listItem}
                  </foreach>
                </when>
              </choose>
            </foreach>
          </trim>
        </if>
      </foreach>
    </where>
  </sql>
  <sql id="Base_Column_List">
    <!--
      WARNING - @mbg.generated
      This element is automatically generated by MyBatis Generator, do not modify.
      This element was generated on Wed Sep 27 13:28:44 CST 2017.
    -->
    pcid, pid, count, doctor, inspection_institutions, ctime, height, systolic_blood_pressure, 
    diastolic_blood_pressure, fetal_heart_sounds, urine_sugar, edema, weight, bottom_uterus_heigth, 
    fetal_position, urine_protein, varicose_veins, physician_exhort
  </sql>
  <select id="selectByExample" parameterType="tw.gov.ndc.emsg.mydata.entity.PrenatalCareExample" resultMap="BaseResultMap">
    <!--
      WARNING - @mbg.generated
      This element is automatically generated by MyBatis Generator, do not modify.
      This element was generated on Wed Sep 27 13:28:44 CST 2017.
    -->
    select
    <if test="distinct">
      distinct
    </if>
    <include refid="Base_Column_List" />
    from prenatal_care
    <if test="_parameter != null">
      <include refid="Example_Where_Clause" />
    </if>
    <if test="orderByClause != null">
      order by ${orderByClause}
    </if>
  </select>
  <select id="selectByPrimaryKey" parameterType="java.lang.String" resultMap="BaseResultMap">
    <!--
      WARNING - @mbg.generated
      This element is automatically generated by MyBatis Generator, do not modify.
      This element was generated on Wed Sep 27 13:28:44 CST 2017.
    -->
    select 
    <include refid="Base_Column_List" />
    from prenatal_care
    where pcid = #{pcid,jdbcType=VARCHAR}
  </select>
  <delete id="deleteByPrimaryKey" parameterType="java.lang.String">
    <!--
      WARNING - @mbg.generated
      This element is automatically generated by MyBatis Generator, do not modify.
      This element was generated on Wed Sep 27 13:28:44 CST 2017.
    -->
    delete from prenatal_care
    where pcid = #{pcid,jdbcType=VARCHAR}
  </delete>
  <delete id="deleteByExample" parameterType="tw.gov.ndc.emsg.mydata.entity.PrenatalCareExample">
    <!--
      WARNING - @mbg.generated
      This element is automatically generated by MyBatis Generator, do not modify.
      This element was generated on Wed Sep 27 13:28:44 CST 2017.
    -->
    delete from prenatal_care
    <if test="_parameter != null">
      <include refid="Example_Where_Clause" />
    </if>
  </delete>
  <insert id="insert" parameterType="tw.gov.ndc.emsg.mydata.entity.PrenatalCare">
    <!--
      WARNING - @mbg.generated
      This element is automatically generated by MyBatis Generator, do not modify.
      This element was generated on Wed Sep 27 13:28:44 CST 2017.
    -->
    insert into prenatal_care (pcid, pid, count, 
      doctor, inspection_institutions, ctime, 
      height, systolic_blood_pressure, diastolic_blood_pressure, 
      fetal_heart_sounds, urine_sugar, edema, 
      weight, bottom_uterus_heigth, fetal_position, 
      urine_protein, varicose_veins, physician_exhort
      )
    values (#{pcid,jdbcType=VARCHAR}, #{pid,jdbcType=VARCHAR}, #{count,jdbcType=INTEGER}, 
      #{doctor,jdbcType=NVARCHAR}, #{inspectionInstitutions,jdbcType=NVARCHAR}, #{ctime,jdbcType=TIMESTAMP}, 
      #{height,jdbcType=INTEGER}, #{systolicBloodPressure,jdbcType=INTEGER}, #{diastolicBloodPressure,jdbcType=INTEGER}, 
      #{fetalHeartSounds,jdbcType=INTEGER}, #{urineSugar,jdbcType=INTEGER}, #{edema,jdbcType=INTEGER}, 
      #{weight,jdbcType=INTEGER}, #{bottomUterusHeigth,jdbcType=INTEGER}, #{fetalPosition,jdbcType=INTEGER}, 
      #{urineProtein,jdbcType=INTEGER}, #{varicoseVeins,jdbcType=INTEGER}, #{physicianExhort,jdbcType=NVARCHAR}
      )
  </insert>
  <insert id="insertSelective" parameterType="tw.gov.ndc.emsg.mydata.entity.PrenatalCare">
    <!--
      WARNING - @mbg.generated
      This element is automatically generated by MyBatis Generator, do not modify.
      This element was generated on Wed Sep 27 13:28:44 CST 2017.
    -->
    insert into prenatal_care
    <trim prefix="(" suffix=")" suffixOverrides=",">
      <if test="pcid != null">
        pcid,
      </if>
      <if test="pid != null">
        pid,
      </if>
      <if test="count != null">
        count,
      </if>
      <if test="doctor != null">
        doctor,
      </if>
      <if test="inspectionInstitutions != null">
        inspection_institutions,
      </if>
      <if test="ctime != null">
        ctime,
      </if>
      <if test="height != null">
        height,
      </if>
      <if test="systolicBloodPressure != null">
        systolic_blood_pressure,
      </if>
      <if test="diastolicBloodPressure != null">
        diastolic_blood_pressure,
      </if>
      <if test="fetalHeartSounds != null">
        fetal_heart_sounds,
      </if>
      <if test="urineSugar != null">
        urine_sugar,
      </if>
      <if test="edema != null">
        edema,
      </if>
      <if test="weight != null">
        weight,
      </if>
      <if test="bottomUterusHeigth != null">
        bottom_uterus_heigth,
      </if>
      <if test="fetalPosition != null">
        fetal_position,
      </if>
      <if test="urineProtein != null">
        urine_protein,
      </if>
      <if test="varicoseVeins != null">
        varicose_veins,
      </if>
      <if test="physicianExhort != null">
        physician_exhort,
      </if>
    </trim>
    <trim prefix="values (" suffix=")" suffixOverrides=",">
      <if test="pcid != null">
        #{pcid,jdbcType=VARCHAR},
      </if>
      <if test="pid != null">
        #{pid,jdbcType=VARCHAR},
      </if>
      <if test="count != null">
        #{count,jdbcType=INTEGER},
      </if>
      <if test="doctor != null">
        #{doctor,jdbcType=NVARCHAR},
      </if>
      <if test="inspectionInstitutions != null">
        #{inspectionInstitutions,jdbcType=NVARCHAR},
      </if>
      <if test="ctime != null">
        #{ctime,jdbcType=TIMESTAMP},
      </if>
      <if test="height != null">
        #{height,jdbcType=INTEGER},
      </if>
      <if test="systolicBloodPressure != null">
        #{systolicBloodPressure,jdbcType=INTEGER},
      </if>
      <if test="diastolicBloodPressure != null">
        #{diastolicBloodPressure,jdbcType=INTEGER},
      </if>
      <if test="fetalHeartSounds != null">
        #{fetalHeartSounds,jdbcType=INTEGER},
      </if>
      <if test="urineSugar != null">
        #{urineSugar,jdbcType=INTEGER},
      </if>
      <if test="edema != null">
        #{edema,jdbcType=INTEGER},
      </if>
      <if test="weight != null">
        #{weight,jdbcType=INTEGER},
      </if>
      <if test="bottomUterusHeigth != null">
        #{bottomUterusHeigth,jdbcType=INTEGER},
      </if>
      <if test="fetalPosition != null">
        #{fetalPosition,jdbcType=INTEGER},
      </if>
      <if test="urineProtein != null">
        #{urineProtein,jdbcType=INTEGER},
      </if>
      <if test="varicoseVeins != null">
        #{varicoseVeins,jdbcType=INTEGER},
      </if>
      <if test="physicianExhort != null">
        #{physicianExhort,jdbcType=NVARCHAR},
      </if>
    </trim>
  </insert>
  <select id="countByExample" parameterType="tw.gov.ndc.emsg.mydata.entity.PrenatalCareExample" resultType="java.lang.Long">
    <!--
      WARNING - @mbg.generated
      This element is automatically generated by MyBatis Generator, do not modify.
      This element was generated on Wed Sep 27 13:28:44 CST 2017.
    -->
    select count(*) from prenatal_care
    <if test="_parameter != null">
      <include refid="Example_Where_Clause" />
    </if>
  </select>
  <update id="updateByExampleSelective" parameterType="map">
    <!--
      WARNING - @mbg.generated
      This element is automatically generated by MyBatis Generator, do not modify.
      This element was generated on Wed Sep 27 13:28:44 CST 2017.
    -->
    update prenatal_care
    <set>
      <if test="record.pcid != null">
        pcid = #{record.pcid,jdbcType=VARCHAR},
      </if>
      <if test="record.pid != null">
        pid = #{record.pid,jdbcType=VARCHAR},
      </if>
      <if test="record.count != null">
        count = #{record.count,jdbcType=INTEGER},
      </if>
      <if test="record.doctor != null">
        doctor = #{record.doctor,jdbcType=NVARCHAR},
      </if>
      <if test="record.inspectionInstitutions != null">
        inspection_institutions = #{record.inspectionInstitutions,jdbcType=NVARCHAR},
      </if>
      <if test="record.ctime != null">
        ctime = #{record.ctime,jdbcType=TIMESTAMP},
      </if>
      <if test="record.height != null">
        height = #{record.height,jdbcType=INTEGER},
      </if>
      <if test="record.systolicBloodPressure != null">
        systolic_blood_pressure = #{record.systolicBloodPressure,jdbcType=INTEGER},
      </if>
      <if test="record.diastolicBloodPressure != null">
        diastolic_blood_pressure = #{record.diastolicBloodPressure,jdbcType=INTEGER},
      </if>
      <if test="record.fetalHeartSounds != null">
        fetal_heart_sounds = #{record.fetalHeartSounds,jdbcType=INTEGER},
      </if>
      <if test="record.urineSugar != null">
        urine_sugar = #{record.urineSugar,jdbcType=INTEGER},
      </if>
      <if test="record.edema != null">
        edema = #{record.edema,jdbcType=INTEGER},
      </if>
      <if test="record.weight != null">
        weight = #{record.weight,jdbcType=INTEGER},
      </if>
      <if test="record.bottomUterusHeigth != null">
        bottom_uterus_heigth = #{record.bottomUterusHeigth,jdbcType=INTEGER},
      </if>
      <if test="record.fetalPosition != null">
        fetal_position = #{record.fetalPosition,jdbcType=INTEGER},
      </if>
      <if test="record.urineProtein != null">
        urine_protein = #{record.urineProtein,jdbcType=INTEGER},
      </if>
      <if test="record.varicoseVeins != null">
        varicose_veins = #{record.varicoseVeins,jdbcType=INTEGER},
      </if>
      <if test="record.physicianExhort != null">
        physician_exhort = #{record.physicianExhort,jdbcType=NVARCHAR},
      </if>
    </set>
    <if test="_parameter != null">
      <include refid="Update_By_Example_Where_Clause" />
    </if>
  </update>
  <update id="updateByExample" parameterType="map">
    <!--
      WARNING - @mbg.generated
      This element is automatically generated by MyBatis Generator, do not modify.
      This element was generated on Wed Sep 27 13:28:44 CST 2017.
    -->
    update prenatal_care
    set pcid = #{record.pcid,jdbcType=VARCHAR},
      pid = #{record.pid,jdbcType=VARCHAR},
      count = #{record.count,jdbcType=INTEGER},
      doctor = #{record.doctor,jdbcType=NVARCHAR},
      inspection_institutions = #{record.inspectionInstitutions,jdbcType=NVARCHAR},
      ctime = #{record.ctime,jdbcType=TIMESTAMP},
      height = #{record.height,jdbcType=INTEGER},
      systolic_blood_pressure = #{record.systolicBloodPressure,jdbcType=INTEGER},
      diastolic_blood_pressure = #{record.diastolicBloodPressure,jdbcType=INTEGER},
      fetal_heart_sounds = #{record.fetalHeartSounds,jdbcType=INTEGER},
      urine_sugar = #{record.urineSugar,jdbcType=INTEGER},
      edema = #{record.edema,jdbcType=INTEGER},
      weight = #{record.weight,jdbcType=INTEGER},
      bottom_uterus_heigth = #{record.bottomUterusHeigth,jdbcType=INTEGER},
      fetal_position = #{record.fetalPosition,jdbcType=INTEGER},
      urine_protein = #{record.urineProtein,jdbcType=INTEGER},
      varicose_veins = #{record.varicoseVeins,jdbcType=INTEGER},
      physician_exhort = #{record.physicianExhort,jdbcType=NVARCHAR}
    <if test="_parameter != null">
      <include refid="Update_By_Example_Where_Clause" />
    </if>
  </update>
  <update id="updateByPrimaryKeySelective" parameterType="tw.gov.ndc.emsg.mydata.entity.PrenatalCare">
    <!--
      WARNING - @mbg.generated
      This element is automatically generated by MyBatis Generator, do not modify.
      This element was generated on Wed Sep 27 13:28:44 CST 2017.
    -->
    update prenatal_care
    <set>
      <if test="pid != null">
        pid = #{pid,jdbcType=VARCHAR},
      </if>
      <if test="count != null">
        count = #{count,jdbcType=INTEGER},
      </if>
      <if test="doctor != null">
        doctor = #{doctor,jdbcType=NVARCHAR},
      </if>
      <if test="inspectionInstitutions != null">
        inspection_institutions = #{inspectionInstitutions,jdbcType=NVARCHAR},
      </if>
      <if test="ctime != null">
        ctime = #{ctime,jdbcType=TIMESTAMP},
      </if>
      <if test="height != null">
        height = #{height,jdbcType=INTEGER},
      </if>
      <if test="systolicBloodPressure != null">
        systolic_blood_pressure = #{systolicBloodPressure,jdbcType=INTEGER},
      </if>
      <if test="diastolicBloodPressure != null">
        diastolic_blood_pressure = #{diastolicBloodPressure,jdbcType=INTEGER},
      </if>
      <if test="fetalHeartSounds != null">
        fetal_heart_sounds = #{fetalHeartSounds,jdbcType=INTEGER},
      </if>
      <if test="urineSugar != null">
        urine_sugar = #{urineSugar,jdbcType=INTEGER},
      </if>
      <if test="edema != null">
        edema = #{edema,jdbcType=INTEGER},
      </if>
      <if test="weight != null">
        weight = #{weight,jdbcType=INTEGER},
      </if>
      <if test="bottomUterusHeigth != null">
        bottom_uterus_heigth = #{bottomUterusHeigth,jdbcType=INTEGER},
      </if>
      <if test="fetalPosition != null">
        fetal_position = #{fetalPosition,jdbcType=INTEGER},
      </if>
      <if test="urineProtein != null">
        urine_protein = #{urineProtein,jdbcType=INTEGER},
      </if>
      <if test="varicoseVeins != null">
        varicose_veins = #{varicoseVeins,jdbcType=INTEGER},
      </if>
      <if test="physicianExhort != null">
        physician_exhort = #{physicianExhort,jdbcType=NVARCHAR},
      </if>
    </set>
    where pcid = #{pcid,jdbcType=VARCHAR}
  </update>
  <update id="updateByPrimaryKey" parameterType="tw.gov.ndc.emsg.mydata.entity.PrenatalCare">
    <!--
      WARNING - @mbg.generated
      This element is automatically generated by MyBatis Generator, do not modify.
      This element was generated on Wed Sep 27 13:28:44 CST 2017.
    -->
    update prenatal_care
    set pid = #{pid,jdbcType=VARCHAR},
      count = #{count,jdbcType=INTEGER},
      doctor = #{doctor,jdbcType=NVARCHAR},
      inspection_institutions = #{inspectionInstitutions,jdbcType=NVARCHAR},
      ctime = #{ctime,jdbcType=TIMESTAMP},
      height = #{height,jdbcType=INTEGER},
      systolic_blood_pressure = #{systolicBloodPressure,jdbcType=INTEGER},
      diastolic_blood_pressure = #{diastolicBloodPressure,jdbcType=INTEGER},
      fetal_heart_sounds = #{fetalHeartSounds,jdbcType=INTEGER},
      urine_sugar = #{urineSugar,jdbcType=INTEGER},
      edema = #{edema,jdbcType=INTEGER},
      weight = #{weight,jdbcType=INTEGER},
      bottom_uterus_heigth = #{bottomUterusHeigth,jdbcType=INTEGER},
      fetal_position = #{fetalPosition,jdbcType=INTEGER},
      urine_protein = #{urineProtein,jdbcType=INTEGER},
      varicose_veins = #{varicoseVeins,jdbcType=INTEGER},
      physician_exhort = #{physicianExhort,jdbcType=NVARCHAR}
    where pcid = #{pcid,jdbcType=VARCHAR}
  </update>
  <select id="selectByExampleWithRowbounds" parameterType="tw.gov.ndc.emsg.mydata.entity.PrenatalCareExample" resultMap="BaseResultMap">
    <!--
      WARNING - @mbg.generated
      This element is automatically generated by MyBatis Generator, do not modify.
      This element was generated on Wed Sep 27 13:28:44 CST 2017.
    -->
    select
    <if test="distinct">
      distinct
    </if>
    <include refid="Base_Column_List" />
    from prenatal_care
    <if test="_parameter != null">
      <include refid="Example_Where_Clause" />
    </if>
    <if test="orderByClause != null">
      order by ${orderByClause}
    </if>
  </select>
</mapper>