{
    "app_no": "HA110801111",
    "app_date": "108年01月01日",
    "cname": "周大明",
    "cityname": "桃園市",
    "townname": "中壢區",
    "villagename": "仁祥里",
    "risaddr": "320桃園市中壢區仁祥里4鄰華勛街１６３巷１６３號",
    "addr": "桃園市中壢區仁祥里4鄰華勛街163巷163號",
    "chk_date": "107年11月08日",
    "low_type": "第3款",
    "doc_no_date": "107年12月28日　桃市壢社字第1070057119",
    "doc_no_s": "",
    "lic_title": "低收入戶",
    "until_date": "",
    "cipher_str": "TPefd3Nxm/dIq7A23xCe9l4uaUfwuqIixuXd4RnV58o=",
    "lowtypefam": [
        {
            "position": "妻",
            "cnameh": "廖小慧",
            "id_no": "F220771111",
            "birthday": "59/11/13",
            "sys_subsidy": "107/01~107/12(中低收入戶)"
        },
        {
            "position": "長女",
            "cnameh": "周小葳",
            "id_no": "H225291111",
            "birthday": "90/02/05",
            "sys_subsidy": "107/01~107/12(中低收入戶)"
        },
        {
            "position": "次女",
            "cnameh": "周小言",
            "id_no": "H225801111",
            "birthday": "94/03/03",
            "sys_subsidy": "107/01~107/12(中低收入戶)"
        },
        {
            "position": "戶長",
            "cnameh": "周大華",
            "id_no": "L121071111",
            "birthday": "62/10/23",
            "sys_subsidy": "107/01~107/12(中低收入戶)"
        },
        {
            "position": "妻",
            "cnameh": "廖△▼a7/8ea7d4b1.png△▼袀",
            "id_no": "F220771111",
            "birthday": "59/11/13",
            "sys_subsidy": "108/01~108/12(低收第3款)"
        },
        {
            "position": "長女",
            "cnameh": "周小葳",
            "id_no": "H225291111",
            "birthday": "90/02/05",
            "sys_subsidy": "108/01~108/12(低收第3款)"
        },
        {
            "position": "次女",
            "cnameh": "周小言",
            "id_no": "H225801111",
            "birthday": "94/03/03",
            "sys_subsidy": "108/01~108/12(低收第3款)"
        },
        {
            "position": "戶長",
            "cnameh": "周大華",
            "id_no": "L121071111",
            "birthday": "62/10/23",
            "sys_subsidy": "108/01~108/12(低收第3款)"
        }
    ]
}