{
	"httpCode": "200",
	"httpMessage": "OK",
	"rdCode": "RS7009",
	"rdMessage": "查詢作業完成",
	"responseData": {
		"householdData": {
			"personHouseholdData21": [{
					"seal_apply_code": "已廢止印鑑",
					"marriage_code": "未婚",
					"education_mark": "大學畢業",
					"person_id": "F123456789",
					"birth_place_code": "臺北市",
					"seal_apply_yyymmdd": "0970213",
					"foster_father_name": "",
					"mother_name": "N/A",
					"id_card_apply_code": "換證",
					"personal_mark": "現住人口",
					"move_in_yyymmdd": "0940727",
					"father_name": "N/A",
					"living_style_code": "無",
					"living_race_type": "",
					"person_name": "安大大",
					"birth_order_sex": "長男",
					"spouse_name": "",
					"relationship": "戶長",
					"birth_yyymmdd": "0650310",
					"foster_parent_mark": "無養父母",
					"id_card_apply_yyymmdd": "N/A",
					"register_content": "N/A",
					"foster_mother_name": "",
					"military_code": "後備除役"
				}, {
					"seal_apply_code": "已廢止印鑑",
					"marriage_code": "未婚",
					"education_mark": "碩士畢業",
					"person_id": "F123456789",
					"birth_place_code": "臺灣省臺北縣",
					"seal_apply_yyymmdd": "0980317",
					"foster_father_name": "",
					"mother_name": "N/A",
					"id_card_apply_code": "換證",
					"personal_mark": "現住人口",
					"move_in_yyymmdd": "0850327",
					"father_name": "N/A",
					"living_style_code": "無",
					"living_race_type": "",
					"person_name": "安爸爸",
					"birth_order_sex": "次男",
					"spouse_name": "",
					"relationship": "弟",
					"birth_yyymmdd": "0710317",
					"foster_parent_mark": "無養父母",
					"id_card_apply_yyymmdd": "N/A",
					"register_content": "N/A",
					"foster_mother_name": "",
					"military_code": "預士"
				}
			],
			"householdBasicData21": {
				"householdAddress": {
					"neighbor": "006",
					"neighbor_char": "鄰",
					"street_doorplate": "景安路１６８巷３０之１號",
					"village": "景安里",
					"from_site_id": "新北市中和區"
				},
				"household_head_name": "安大大",
				"household_head_id": "F123456789",
				"household_id": "F2401111",
				"household_register_content": "N/A"
			}
		}
	}
}
