{
  "v": "0.5",
  "code": 200,
  "msg": "執行成功",
  "details": [
    {
      "rowNum": 1,
      "invNum": "NQ98065077",
      "amount": 40,
      "invDate": "2019/04/08",
      "invoiceTime": "18:33:55"
    },
    {
      "rowNum": 2,
      "invNum": "NQ98073821",
      "amount": 20,
      "invDate": "2019/04/22",
      "invoiceTime": "12:19:35"
    },
    {
      "rowNum": 3,
      "invNum": "NQ98074523",
      "amount": 49,
      "invDate": "2019/04/22",
      "invoiceTime": "12:07:18"
    },
    {
      "rowNum": 4,
      "invNum": "QM92616714",
      "amount": 20,
      "invDate": "2019/05/30",
      "invoiceTime": "11:10:31"
    }
  ]
}
